date,open,high,close,low,volume,price_change,p_change,ma5,ma10,ma20,v_ma5,v_ma10,v_ma20,turnover
2018-01-12,20.86,20.98,20.5,20.48,17307.51,-0.65,-3.07,20.404,20.312,20.481,14932.69,11080.89,14729.3,2.38
2018-01-11,20.2,21.23,21.15,19.99,28012.25,0.82,4.03,20.34,20.253,20.57,13172.73,10046.39,14714.27,3.85
2018-01-10,19.86,20.4,20.33,19.86,15479.7,0.42,2.11,20.17,20.135,20.635,8918.64,7837.75,14350.6,2.13
2018-01-09,19.97,20.14,19.91,19.9,5114.9,-0.22,-1.09,20.178,20.1,20.708,7679.6,7125.43,15007.81,0.7
2018-01-08,20.19,20.28,20.13,19.77,8749.1,-0.05,-0.25,20.232,20.071,20.836,7953.82,7612.74,16268.36,1.2
2018-01-05,20.42,20.59,20.18,20.08,8507.7,-0.12,-0.59,20.22,20.063,20.913,7229.08,7765.33,16893.03,1.17
2018-01-04,20.35,20.41,20.3,20.14,6741.81,-0.07,-0.34,20.166,20.061,20.972,6920.05,9128.21,17775.21,0.93
2018-01-03,20.21,20.41,20.37,20.12,9284.5,0.19,0.94,20.1,20.099,21.004,6756.86,13196.11,19018.94,1.27
2018-01-02,20.19,20.37,20.18,20.01,6486.0,0.11,0.55,20.022,20.292,21.038,6571.26,16889.08,20759.42,0.89
2017-12-29,19.9,20.12,20.07,19.89,5125.41,0.16,0.8,19.91,20.452,21.078,7271.66,17420.48,21442.97,0.7
2017-12-28,19.96,20.23,19.91,19.8,6962.51,-0.06,-0.3,19.906,20.65,21.147,8301.58,18377.71,23507.25,0.96
2017-12-27,20.03,20.25,19.97,19.89,5925.9,-0.01,-0.05,19.956,20.886,21.22,11336.38,19382.16,24263.35,0.81
2017-12-26,19.61,19.99,19.98,19.5,8356.5,0.36,1.83,20.098,21.134,21.286,19635.35,20863.44,26014.83,1.15
2017-12-25,20.05,20.17,19.62,19.5,9988.0,-0.43,-2.15,20.562,21.315,21.405,27206.89,22890.18,28388.39,1.37
2017-12-22,20.09,20.49,20.05,20.05,10275.0,-0.11,-0.55,20.994,21.6,21.447,27569.29,24923.97,29385.54,1.41
2017-12-21,19.98,20.46,20.16,19.68,22136.51,-0.52,-2.52,21.394,21.762,21.481,28453.84,26020.72,31276.72,3.04
2017-12-20,22.45,22.45,20.68,20.63,47420.72,-1.62,-7.26,21.816,21.882,21.52,27427.94,26422.21,32529.47,6.51
2017-12-19,21.84,23.8,22.3,21.84,46214.23,0.52,2.39,22.17,21.908,21.438,22091.54,24841.77,30552.46,6.35
2017-12-18,22.05,22.05,21.78,21.46,11800.0,-0.27,-1.22,22.068,21.783,21.27,18573.47,24629.77,28629.62,1.62
2017-12-15,22.5,22.5,22.05,21.88,14697.72,-0.22,-0.99,22.206,21.704,21.134,22278.65,25465.47,28678.13,2.02
2017-12-14,22.45,22.45,22.27,21.88,17007.02,-0.18,-0.8,22.13,21.644,20.995,23587.61,28636.79,29088.63,2.34
2017-12-13,21.69,22.45,22.45,21.41,20738.71,0.66,3.03,21.948,21.553,20.926,25416.47,29144.54,28661.67,2.85
2017-12-12,22.49,22.49,21.79,21.38,28623.9,-0.68,-3.03,21.646,21.438,20.848,27592.0,31166.22,28051.15,3.93
2017-12-11,21.98,22.47,22.47,21.4,30325.9,0.8,3.69,21.498,21.494,20.803,30686.07,33886.59,27098.21,4.16
2017-12-08,20.97,21.78,21.67,20.96,21242.52,0.31,1.45,21.202,21.293,20.734,28652.29,33847.1,25988.47,2.92
2017-12-07,20.73,21.85,21.36,20.49,26151.34,0.42,2.01,21.158,21.199,20.715,33685.97,36532.71,25535.18,3.59
2017-12-06,20.77,20.99,20.94,18.95,31616.34,-0.11,-0.52,21.158,21.157,20.726,32872.6,38636.74,24841.46,4.34
2017-12-05,21.38,22.38,21.05,20.91,44094.25,0.06,0.29,21.23,20.967,20.754,34740.43,36263.16,23988.19,6.06
2017-12-04,21.68,21.68,20.99,20.9,20157.0,-0.46,-2.15,21.49,20.757,20.775,37087.12,32629.48,22355.86,2.77
2017-12-01,21.5,22.6,21.45,21.2,46410.9,0.09,0.42,21.384,20.563,20.8,39041.92,31890.79,21925.16,6.37
2017-11-30,21.38,21.45,21.36,20.8,22084.5,0.06,0.28,21.24,20.346,20.791,39379.45,29540.47,20206.31,3.03
2017-11-29,21.81,21.85,21.3,21.09,40955.51,-1.05,-4.7,21.156,20.298,20.781,44400.87,28178.8,19749.24,5.62
2017-11-28,20.65,22.51,22.35,20.51,55827.69,1.89,9.24,20.704,20.257,20.769,37785.88,24936.09,18134.32,7.67
2017-11-27,21.0,21.45,20.46,20.2,29930.98,-0.27,-1.3,20.024,20.112,20.707,28171.84,20309.83,15895.68,4.11
2017-11-24,20.94,21.98,20.73,20.5,48098.56,-0.21,-1.0,19.742,20.174,20.725,24739.67,18129.84,15440.51,6.61
2017-11-23,18.98,20.94,20.94,18.96,47191.63,1.9,9.98,19.452,20.231,20.778,19701.5,14537.66,13809.38,6.48
2017-11-22,19.16,19.16,19.04,18.8,7880.54,0.09,0.47,19.44,20.295,20.832,11956.73,11046.19,12122.18,1.08
2017-11-21,19.03,19.24,18.95,18.8,7757.48,-0.1,-0.53,19.81,20.541,20.992,12086.3,11713.22,12501.12,1.07
2017-11-20,19.16,19.2,19.05,18.31,12770.12,-0.23,-1.19,20.2,20.792,21.139,12447.82,12082.25,13251.86,1.75
2017-11-17,20.88,20.98,19.28,19.2,22907.71,-1.6,-7.66,20.606,21.037,21.312,11520.02,11959.53,13373.74,3.15
2017-11-16,20.83,21.0,20.88,20.83,8467.8,-0.01,-0.05,21.01,21.236,21.472,9373.82,10872.16,13114.19,1.16
2017-11-15,20.9,21.03,20.89,20.82,8528.4,-0.01,-0.05,21.15,21.263,21.548,10135.65,11319.68,13717.4,1.17
2017-11-14,21.09,21.1,20.9,20.8,9565.07,-0.18,-0.85,21.272,21.281,21.618,11340.13,11332.55,15300.26,1.31
2017-11-13,21.29,21.29,21.08,20.96,8131.12,-0.22,-1.03,21.384,21.302,21.746,11716.68,11481.54,16390.27,1.12
2017-11-10,21.46,21.57,21.3,21.13,12176.7,-0.28,-1.3,21.468,21.275,21.86,12399.03,12751.17,17959.98,1.67
2017-11-09,21.48,21.87,21.58,21.38,12276.98,0.08,0.37,21.462,21.324,22.006,12370.49,13081.1,20067.75,1.69
2017-11-08,21.35,21.78,21.5,21.35,14550.8,0.04,0.19,21.376,21.368,22.162,12503.71,13198.17,23653.97,2.0
2017-11-07,21.52,21.62,21.46,21.15,11447.8,-0.04,-0.19,21.29,21.443,22.398,11324.96,13289.03,29356.71,1.57
2017-11-06,21.26,21.64,21.5,21.16,11542.88,0.23,1.08,21.22,21.486,22.59,11246.4,14421.48,29223.17,1.59
2017-11-03,21.05,21.3,21.27,20.88,12034.01,0.12,0.57,21.082,21.587,22.666,13103.3,14787.95,29120.7,1.65
2017-11-02,21.02,21.37,21.15,20.8,12943.08,0.08,0.38,21.186,21.708,22.648,13791.71,15356.21,29155.88,1.78
2017-11-01,21.1,21.27,21.07,21.02,8657.01,-0.04,-0.19,21.36,21.833,22.636,13892.63,16115.12,29252.14,1.19
2017-10-31,20.8,21.29,21.11,20.8,11055.01,0.3,1.44,21.596,21.954,22.659,15253.1,19267.97,29507.16,1.52
2017-10-30,21.74,21.86,20.81,20.8,20827.4,-0.98,-4.5,21.752,22.19,22.699,17596.55,21299.0,29569.87,2.86
2017-10-27,21.82,22.1,21.79,21.72,15476.07,-0.23,-1.04,22.092,22.444,22.733,16472.59,23168.8,29073.0,2.13
2017-10-26,22.1,22.17,22.02,21.9,13447.68,-0.23,-1.03,22.23,22.687,22.749,16920.71,27054.39,28919.64,1.85
2017-10-25,21.89,22.25,22.25,21.8,15459.36,0.36,1.65,22.306,22.956,22.778,18337.61,34109.77,28836.63,2.12
2017-10-24,22.42,22.42,21.89,21.58,22772.26,-0.62,-2.75,22.312,23.352,22.815,23282.84,45424.4,28530.82,3.13
2017-10-23,22.39,22.61,22.51,22.31,15207.6,0.03,0.13,22.628,23.694,22.858,25001.44,44024.87,27718.85,2.09
2017-10-20,22.38,22.66,22.48,22.2,17716.67,0.08,0.36,22.796,23.744,22.874,29865.01,43453.46,27364.19,2.43
2017-10-19,22.19,22.45,22.4,22.0,20532.18,0.12,0.54,23.144,23.588,22.88,37188.07,42955.55,26849.04,2.82
2017-10-18,23.0,23.15,22.28,22.22,40185.5,-1.19,-5.07,23.606,23.438,22.9,49881.93,42389.15,26280.18,8.85
2017-10-17,23.06,23.65,23.47,22.9,31365.25,0.12,0.51,24.392,23.363,22.926,67565.95,39746.35,24745.66,6.91
2017-10-16,24.0,24.18,23.35,23.15,39525.43,-0.87,-3.59,24.76,23.207,22.889,63048.3,37840.75,24072.81,8.71
2017-10-13,24.72,24.95,24.22,24.05,54331.98,-0.49,-1.98,24.692,23.022,22.887,57041.92,34977.19,22660.14,11.97
2017-10-12,25.72,25.88,24.71,24.12,84001.49,-1.5,-5.72,24.032,22.81,22.834,48723.03,30784.9,20679.31,18.51
2017-10-11,27.1,27.1,26.21,25.89,128605.6,0.9,3.56,23.27,22.599,22.757,34896.36,23563.48,17483.17,28.34
2017-10-10,25.31,25.31,25.31,25.31,8777.01,2.3,10.0,22.334,22.277,22.631,11926.74,11637.24,12286.47,1.93
2017-10-09,23.01,23.01,23.01,23.01,9493.5,2.09,9.99,21.654,22.021,22.509,12633.19,11412.84,12582.36,2.09
2017-09-29,20.89,21.04,20.92,20.83,12737.53,0.02,0.1,21.352,22.004,22.514,12912.47,11274.92,13436.12,2.81
2017-09-28,21.58,21.63,20.9,20.86,14868.17,-0.63,-2.93,21.588,22.172,22.607,12846.77,10742.54,13574.8,3.28
2017-09-27,21.9,21.9,21.53,21.42,13757.51,-0.38,-1.73,21.928,22.362,22.685,12230.6,10171.22,13272.12,3.03
2017-09-26,21.58,21.91,21.91,21.41,12309.25,0.41,1.91,22.22,22.489,22.721,11347.73,9744.97,13192.94,2.71
2017-09-25,22.0,22.27,21.5,21.41,10889.9,-0.6,-2.71,22.388,22.571,22.741,10192.48,10304.88,13134.17,2.4
2017-09-22,22.63,22.71,22.1,22.08,12409.0,-0.5,-2.21,22.656,22.751,22.796,9637.36,10343.08,13288.88,2.73
2017-09-21,22.94,23.25,22.6,22.54,11787.35,-0.39,-1.7,22.756,22.858,22.806,8638.31,10573.72,13142.18,2.6
2017-09-20,22.77,23.0,22.99,22.6,9343.17,0.24,1.05,22.796,22.914,22.77,8111.84,11402.86,13053.72,2.06
2017-09-19,22.84,23.0,22.75,22.66,6533.0,-0.09,-0.39,22.758,22.984,22.735,8142.21,12935.71,13137.15,1.44
2017-09-18,22.6,22.9,22.84,22.53,8114.28,0.24,1.06,22.754,22.997,22.716,10417.27,13751.89,13460.99,1.79
2017-09-15,22.79,22.89,22.6,22.6,7413.76,-0.2,-0.88,22.846,23.023,22.697,11048.8,15597.32,13630.58,1.63
2017-09-14,22.8,23.17,22.8,22.8,9155.0,0.0,0.0,22.96,23.042,22.681,12509.13,16407.06,14029.11,2.02
2017-09-13,22.74,22.87,22.8,22.7,9495.0,0.07,0.31,23.032,23.007,22.685,14693.87,16373.02,14832.94,2.09
2017-09-12,23.26,23.3,22.73,22.6,17908.32,-0.57,-2.45,23.21,22.953,22.671,17729.2,16640.9,15330.89,3.95
2017-09-11,23.17,23.57,23.3,23.0,11271.94,0.13,0.56,23.24,22.91,22.64,17086.5,15963.46,14855.65,2.48
2017-09-08,23.15,23.32,23.17,22.83,14715.41,0.01,0.04,23.2,22.841,22.579,20145.84,16234.67,15049.56,3.24
2017-09-07,23.52,23.69,23.16,23.08,20078.68,-0.53,-2.24,23.124,22.754,22.487,20304.98,15710.64,14869.57,4.42
2017-09-06,22.86,23.97,23.69,22.55,24671.67,0.81,3.54,22.982,22.625,22.392,18052.17,14704.58,14387.7,5.44
2017-09-05,23.1,23.38,22.88,22.77,14694.8,-0.22,-0.95,22.696,22.486,22.299,15552.6,13338.6,13734.86,3.24
2017-09-04,22.62,23.48,23.1,22.61,26568.64,0.31,1.36,22.58,22.434,22.27,14840.42,13170.1,13540.6,5.85
2017-09-01,22.57,22.85,22.79,22.39,15511.1,0.34,1.51,22.482,22.37,22.212,12323.5,11663.83,12780.38,3.42
2017-08-31,22.17,22.46,22.45,22.17,8814.62,0.19,0.85,22.384,22.319,22.176,11116.31,11651.17,12697.32,1.94
2017-08-30,22.31,22.8,22.26,22.1,12173.82,-0.04,-0.18,22.268,22.362,22.175,11357.0,13292.87,13735.29,2.68
2017-08-29,22.5,22.74,22.3,22.25,11133.92,-0.31,-1.37,22.276,22.388,22.152,11124.6,14020.89,13826.2,2.45
2017-08-28,22.24,22.87,22.61,22.24,13984.02,0.31,1.39,22.288,22.37,22.126,11499.77,13747.83,13755.16,3.08
2017-08-25,21.9,22.38,22.3,21.87,9475.16,0.43,1.97,22.258,22.317,22.087,11004.17,13864.45,13769.75,2.09
2017-08-24,22.26,22.4,21.87,21.79,10018.08,-0.43,-1.93,22.254,22.219,22.049,12186.02,14028.51,13990.24,2.21
2017-08-23,22.3,22.5,22.3,22.2,11011.8,-0.06,-0.27,22.456,22.159,22.047,15228.74,14070.82,14800.78,2.43
2017-08-22,22.5,22.62,22.36,22.18,13009.8,-0.1,-0.45,22.5,22.111,21.967,16917.18,14131.13,14602.89,2.87
2017-08-21,22.31,22.87,22.46,22.31,11506.0,0.18,0.81,22.452,22.105,21.889,15995.9,13911.1,14384.8,2.54
2017-08-18,22.7,22.97,22.28,22.21,15384.44,-0.6,-2.62,22.376,22.054,21.801,16724.73,13896.92,14255.8,3.39
2017-08-17,22.45,23.08,22.88,22.29,25231.66,0.36,1.6,22.184,22.032,21.729,15870.99,13743.47,13871.33,5.56
2017-08-16,22.1,22.88,22.52,21.92,19453.99,0.4,1.81,21.862,21.988,21.629,12912.9,14177.7,13306.09,4.29
2017-08-15,22.09,22.16,22.12,21.75,8403.39,0.04,0.18,21.722,21.915,21.547,11345.09,13631.52,13021.71,1.85
2017-08-14,21.35,22.16,22.08,21.21,15150.19,0.76,3.56,21.758,21.882,21.505,11826.31,13762.48,13487.14,3.34
2017-08-11,20.9,21.36,21.32,20.61,11115.7,0.05,0.23,21.732,21.856,21.457,11069.1,13675.06,13807.09,2.45
2017-08-10,21.91,22.07,21.27,21.27,10441.24,-0.55,-2.52,21.88,21.879,21.564,11615.96,13951.98,13879.49,2.3
2017-08-09,22.1,22.33,21.82,21.8,11614.91,-0.48,-2.15,22.114,21.935,21.701,15442.51,15530.73,13876.25,2.56
2017-08-08,21.88,22.41,22.3,21.73,10809.5,0.35,1.59,22.108,21.823,21.828,15917.94,15074.64,14001.72,2.38
2017-08-07,21.75,22.35,21.95,21.61,11364.16,-0.11,-0.5,22.006,21.673,21.93,15698.64,14858.49,14665.58,2.5
2017-08-04,22.3,22.55,22.06,22.04,13849.98,-0.38,-1.69,21.98,21.548,22.12,16281.01,14614.68,15034.56,3.05
2017-08-03,21.55,22.88,22.44,21.41,29573.98,0.65,2.98,21.878,21.426,22.295,16288.0,13999.19,14837.04,6.52
2017-08-02,21.79,22.28,21.79,21.4,13992.1,0.0,0.0,21.756,21.27,22.446,15618.96,12434.48,14060.92,3.08
2017-08-01,21.71,21.93,21.79,21.57,9713.0,-0.03,-0.14,21.538,21.179,22.646,14231.34,12411.9,13956.81,2.14
2017-07-31,21.51,22.24,21.82,21.44,14276.0,0.27,1.25,21.34,21.127,22.833,14018.34,13211.81,13916.94,3.15
2017-07-28,21.66,21.88,21.55,21.55,13884.9,-0.28,-1.28,21.116,21.057,23.012,12948.34,13939.13,13815.65,3.06
2017-07-27,20.79,22.18,21.83,20.57,26228.8,1.13,5.46,20.974,21.249,23.206,11710.38,13807.0,13872.54,5.78
2017-07-26,20.8,20.85,20.7,20.56,7054.0,-0.1,-0.48,20.784,21.466,23.417,9250.01,12221.77,13187.02,1.55
2017-07-25,20.7,20.93,20.8,20.51,8648.0,0.1,0.48,20.82,21.832,23.667,10592.47,12928.8,13350.38,1.91
2017-07-24,20.89,20.89,20.7,20.42,8926.0,-0.14,-0.67,20.914,22.186,23.935,12405.28,14472.67,13762.13,1.97
2017-07-21,20.86,21.11,20.84,20.72,7695.12,-0.04,-0.19,20.998,22.692,24.212,14929.92,15454.44,14104.92,1.7
2017-07-20,20.88,21.44,20.88,20.8,13926.92,0.0,0.0,21.524,23.164,24.467,15903.62,15674.9,14571.81,3.07
2017-07-19,21.0,21.23,20.88,20.0,13766.3,-0.39,-1.83,22.148,23.621,24.694,15193.54,15687.35,14886.35,3.03
2017-07-18,20.99,21.45,21.27,20.31,17712.04,0.15,0.71,22.844,24.113,24.97,15265.14,15501.71,15315.07,3.9
2017-07-17,23.39,23.39,21.12,21.12,21549.2,-2.35,-10.01,23.458,24.538,25.237,16540.06,14622.07,16746.46,4.75
2017-07-14,23.99,24.14,23.47,23.3,12563.64,-0.53,-2.21,24.386,24.966,25.492,15978.97,13692.16,16567.89,2.77
2017-07-13,23.9,24.26,24.0,23.9,10376.5,-0.36,-1.48,24.804,25.162,25.632,15446.17,13938.08,17131.27,2.29
2017-07-12,24.2,24.55,24.36,23.78,14124.3,0.02,0.08,25.094,25.368,25.744,16181.16,14152.27,18514.23,3.11
2017-07-11,25.68,25.85,24.34,24.13,24086.65,-1.42,-5.51,25.382,25.502,25.799,15738.28,13771.95,18782.94,5.31
2017-07-10,25.57,26.1,25.76,25.56,18743.76,0.2,0.78,25.618,25.684,25.839,12704.09,13051.59,18198.98,4.13
2017-07-07,25.4,25.7,25.56,25.38,9899.64,0.11,0.43,25.546,25.731,25.786,11405.36,12755.39,17979.59,2.18
2017-07-06,25.75,25.99,25.45,25.36,14051.44,-0.35,-1.36,25.52,25.769,25.789,12429.99,13468.72,18257.84,3.1
2017-07-05,25.33,25.8,25.8,25.32,11909.9,0.28,1.1,25.642,25.767,25.806,12123.38,14085.35,18634.14,2.62
2017-07-04,25.35,25.67,25.52,25.35,8915.7,0.12,0.47,25.622,25.826,25.826,11805.63,15128.43,19871.73,1.96
2017-07-03,25.64,25.64,25.4,25.1,12250.1,-0.03,-0.12,25.75,25.936,25.847,13399.09,18870.85,21592.47,2.7
2017-06-30,25.85,25.85,25.43,25.26,15022.81,-0.63,-2.42,25.916,26.017,25.848,14105.43,19443.62,22150.96,3.31
2017-06-29,25.55,26.15,26.06,25.49,12518.4,0.36,1.4,26.018,26.101,25.841,14507.45,20324.45,22724.85,2.82
2017-06-28,26.05,26.25,25.7,25.53,10321.14,-0.46,-1.76,25.892,26.119,25.77,16047.31,22876.18,23081.91,2.33
2017-06-27,26.13,26.49,26.16,26.01,16883.0,-0.07,-0.27,26.03,26.096,25.752,18451.23,23793.92,24584.99,3.81
2017-06-26,25.85,26.29,26.23,25.58,15781.79,0.29,1.12,26.122,25.993,25.647,24342.6,23346.37,24167.7,3.56
2017-06-23,25.35,25.94,25.94,25.18,17032.94,0.51,2.01,26.118,25.84,25.548,24781.81,23203.79,24068.12,3.84
2017-06-22,26.35,26.35,25.43,25.36,20217.7,-0.96,-3.64,26.184,25.808,25.455,26141.45,23046.95,23819.12,4.56
2017-06-21,26.5,26.52,26.39,26.02,22340.7,-0.23,-0.86,26.346,25.845,25.361,29705.05,23182.94,23702.53,5.04
2017-06-20,26.27,27.45,26.62,26.24,46339.88,0.41,1.56,26.162,25.825,25.286,29136.61,24615.03,23459.6,10.45
2017-06-19,26.3,26.32,26.21,25.9,17977.84,-0.06,-0.23,25.864,25.758,25.239,22350.13,24314.09,22466.12,4.05
2017-06-16,26.21,26.34,26.27,25.81,23831.14,0.03,0.11,25.562,25.679,25.205,21625.77,24858.3,22371.43,5.37
2017-06-15,25.31,26.49,26.24,25.31,38035.69,0.77,3.02,25.432,25.581,25.185,19952.45,25125.24,23013.66,8.58
2017-06-14,24.99,25.93,25.47,24.98,19498.5,0.34,1.35,25.344,25.42,25.128,16660.82,23287.64,22140.3,4.4
2017-06-13,24.68,25.39,25.13,24.51,12407.49,0.43,1.74,25.488,25.407,25.072,20093.45,25376.05,21779.43,2.8
2017-06-12,25.3,25.48,24.7,24.6,14356.05,-0.88,-3.44,25.652,25.301,25.043,26278.05,24989.03,22329.53,3.24
2017-06-09,25.77,25.77,25.62,25.27,15464.53,-0.18,-0.7,25.796,25.255,25.071,28090.82,24932.45,22945.95,3.49
2017-06-08,26.0,26.29,25.8,25.71,21577.53,-0.39,-1.49,25.73,25.101,25.096,30298.03,24591.29,24387.05,4.86
2017-06-07,25.9,26.45,26.19,25.66,36661.66,0.24,0.93,25.496,24.876,25.096,29914.45,24222.13,24320.46,8.27
2017-06-06,25.22,26.38,25.95,25.05,43330.5,0.53,2.08,25.326,24.746,25.051,30658.65,22304.16,23442.93,9.77
2017-06-05,25.28,26.08,25.42,25.02,23419.87,0.13,0.51,24.95,24.72,24.994,23700.0,20618.14,21693.65,5.28
2017-06-02,24.47,25.59,25.29,24.0,26500.59,0.66,2.68,24.714,24.731,24.98,21774.08,19884.55,21020.96,5.97
2017-06-01,24.95,25.28,24.63,24.59,19659.64,-0.71,-2.8,24.472,24.788,24.973,18884.56,20902.08,20291.97,4.43
2017-05-31,24.39,26.48,25.34,24.17,40382.66,1.27,5.28,24.256,24.836,25.013,18529.81,20992.97,19768.97,9.1
2017-05-26,24.23,24.4,24.07,24.0,8537.22,-0.17,-0.7,24.166,24.736,25.026,13949.67,18182.8,18315.6,1.92
2017-05-25,24.08,24.66,24.24,23.4,13790.27,0.16,0.66,24.49,24.784,25.106,17536.28,19670.03,19019.35,3.11
2017-05-24,23.26,24.29,24.08,23.26,12053.0,0.53,2.25,24.748,24.886,25.138,17995.03,20959.45,18863.66,2.72
2017-05-23,24.66,24.97,23.55,23.5,17885.88,-1.34,-5.38,25.104,25.091,25.194,22919.59,24182.8,18964.91,4.03
2017-05-22,25.63,25.85,24.89,24.71,17482.0,-0.8,-3.11,25.416,25.315,25.231,23456.14,24418.79,18772.89,3.94
2017-05-19,25.59,26.46,25.69,25.46,26470.25,0.16,0.63,25.306,25.355,25.241,22415.92,24581.69,18575.06,5.97
2017-05-18,25.65,25.87,25.53,25.2,16084.03,-0.33,-1.28,25.078,25.267,25.247,21803.78,22769.17,18227.49,3.63
2017-05-17,24.82,26.78,25.86,24.81,36675.8,0.75,2.99,25.024,25.229,25.243,23923.86,22157.36,18273.76,8.27
2017-05-16,24.35,25.18,25.11,23.98,20568.61,0.77,3.16,25.078,25.157,25.258,25446.01,19681.87,16892.31,4.64
2017-05-15,24.4,24.99,24.34,24.34,12280.92,-0.21,-0.85,25.214,25.19,25.337,25381.45,18544.98,16369.34,2.77
2017-05-12,24.9,25.15,24.55,24.15,23409.55,-0.71,-2.81,25.404,25.316,25.483,26747.46,18448.41,16258.73,5.28
2017-05-11,25.58,25.93,25.26,24.03,26684.43,-0.87,-3.33,25.456,25.428,25.633,23734.55,18368.66,15455.31,6.02
2017-05-10,25.69,26.89,26.13,25.51,44286.53,0.34,1.32,25.434,25.39,25.745,20390.86,16767.88,14492.04,9.98
2017-05-09,25.09,25.8,25.79,24.6,20245.8,0.5,1.98,25.236,25.296,25.838,13917.73,13747.03,12872.22,4.56
2017-05-08,24.7,25.86,25.29,24.65,19111.0,0.48,1.94,25.166,25.147,25.929,11708.51,13126.98,12673.43,4.31
2017-05-05,24.9,25.3,24.81,24.8,8345.0,-0.34,-1.35,25.228,25.127,26.113,10149.35,12568.44,12182.05,1.88
2017-05-04,25.0,25.45,25.15,24.8,9965.98,0.01,0.04,25.4,25.226,26.322,13002.77,13685.81,12248.35,2.25
2017-05-03,25.45,25.67,25.14,24.91,11920.86,-0.3,-1.18,25.346,25.257,26.517,13144.89,14390.17,12244.92,2.69
2017-05-02,25.46,25.81,25.44,25.42,9199.7,-0.16,-0.62,25.356,25.359,26.69,13576.32,14102.76,12284.91,2.07
2017-04-28,25.36,25.87,25.6,25.33,11315.2,-0.07,-0.27,25.128,25.484,26.835,14545.45,14193.69,12578.42,2.55
2017-04-27,24.88,25.9,25.67,24.3,22612.11,0.79,3.17,25.026,25.65,27.005,14987.52,14069.05,12684.92,5.1
2017-04-26,25.01,25.22,24.88,24.7,10676.6,-0.31,-1.23,25.052,25.838,27.213,14368.85,12541.95,12047.04,2.41
2017-04-25,24.48,25.98,25.19,24.48,14078.0,0.89,3.66,25.168,26.1,27.456,15635.44,12216.19,12130.85,3.17
2017-04-24,24.92,25.0,24.3,24.1,14045.36,-0.79,-3.15,25.362,26.38,27.707,14629.2,11997.41,12062.1,3.17
2017-04-21,25.6,25.79,25.09,24.92,13525.55,-0.71,-2.75,25.84,26.71,27.999,13841.93,12219.89,12249.8,3.05
2017-04-20,25.38,26.14,25.8,24.8,19518.76,0.34,1.33,26.274,27.099,28.275,13150.58,11795.67,12352.44,4.4
2017-04-19,26.0,26.0,25.46,25.0,17009.51,-0.7,-2.68,26.624,27.418,28.559,10715.05,10810.89,12408.2,3.83
2017-04-18,26.6,26.95,26.16,26.1,9046.82,-0.53,-1.99,27.032,27.777,28.881,8796.95,10099.67,13121.3,2.04
2017-04-17,26.95,27.43,26.69,26.36,10109.03,-0.57,-2.09,27.398,28.021,29.123,9365.62,10467.05,13774.29,2.28
2017-04-14,27.42,27.58,27.26,26.98,10068.8,-0.29,-1.05,27.58,28.185,29.357,10597.84,10963.14,14216.05,2.27
2017-04-13,27.46,27.89,27.55,27.32,7341.09,0.05,0.18,27.924,28.36,29.556,10440.76,11300.79,14603.55,1.66
2017-04-12,27.97,27.97,27.5,27.4,7419.0,-0.49,-1.75,28.212,28.588,29.738,10906.74,11552.14,15000.59,1.67
2017-04-11,27.6,28.06,27.99,27.15,11890.2,0.39,1.41,28.522,28.812,29.921,11402.39,12045.5,15286.72,2.68
2017-04-10,28.98,28.98,27.6,27.53,16270.12,-1.38,-4.76,28.644,29.033,30.059,11568.48,12126.78,15382.27,3.67
2017-04-07,28.98,29.1,28.98,28.83,9283.4,-0.01,-0.03,28.79,29.288,30.229,11328.43,12279.7,15411.03,2.09
2017-04-06,29.0,29.44,28.99,28.85,9670.96,-0.06,-0.21,28.796,29.45,30.339,12160.81,12909.21,15849.18,2.18
2017-04-05,28.38,29.2,29.05,28.38,9897.26,0.45,1.57,28.964,29.699,30.452,12197.54,14005.5,16523.06,2.23
2017-03-31,29.05,29.32,28.6,28.4,12720.65,0.27,0.95,29.102,29.984,30.544,12688.61,16142.94,16993.21,2.87
2017-03-30,29.05,29.05,28.33,27.86,15069.9,-0.68,-2.34,29.422,30.224,30.622,12685.09,17081.54,17074.64,3.4
2017-03-29,29.99,30.03,29.01,29.01,13445.28,-0.82,-2.75,29.786,30.528,30.71,13230.97,17468.95,16891.75,3.03
2017-03-28,29.8,30.2,29.83,29.68,9854.59,0.09,0.3,30.104,30.751,30.777,13657.61,17906.32,16850.59,2.22
2017-03-27,30.21,30.28,29.74,29.7,12352.64,-0.46,-1.52,30.434,30.888,30.806,15813.47,18449.05,16909.02,2.78
2017-03-24,30.16,30.28,30.2,29.78,12703.02,0.05,0.17,30.866,31.03,30.827,19597.26,18527.94,17107.62,2.86
2017-03-23,30.61,31.15,30.15,29.63,17799.32,-0.45,-1.47,31.026,31.085,30.857,21477.98,18637.77,17509.07,4.01
2017-03-22,31.3,31.34,30.6,30.55,15578.49,-0.88,-2.79,31.27,31.17,30.882,21706.94,18542.35,17782.01,3.51
2017-03-21,31.94,31.94,31.48,31.31,20633.86,-0.42,-1.32,31.398,31.228,30.884,22155.03,18789.16,17883.45,4.65
2017-03-20,30.92,32.08,31.9,30.6,31271.62,0.9,2.9,31.342,31.205,30.826,21084.64,19040.61,18130.69,7.05
2017-03-17,31.25,31.79,31.0,31.0,22106.63,-0.37,-1.18,31.194,31.104,30.705,17458.61,17843.49,17085.96,4.98
2017-03-16,31.25,31.54,31.37,31.15,18944.09,0.13,0.42,31.144,31.019,30.604,15797.55,17067.74,16694.36,4.27
2017-03-15,30.81,31.68,31.24,30.81,17818.95,0.04,0.13,31.07,30.892,30.516,15377.76,16314.54,16311.44,4.02
2017-03-14,31.12,31.48,31.2,30.82,15281.9,0.04,0.13,31.058,30.802,30.437,15423.29,15794.86,16260.9,3.45
2017-03-13,30.75,31.19,31.16,30.2,13141.5,0.41,1.33,31.068,30.724,30.405,16996.59,15368.99,16134.79,2.96
2017-03-10,31.18,31.3,30.75,30.7,13801.29,-0.25,-0.81,31.014,30.623,30.371,18228.36,15687.3,16243.97,3.11
2017-03-09,31.57,31.6,31.0,31.0,16845.17,-0.18,-0.58,30.894,30.628,30.342,18337.94,16380.37,16333.84,3.8
2017-03-08,31.88,31.92,31.18,31.04,18046.57,-0.07,-0.22,30.714,30.593,30.317,17251.32,17021.68,16546.0,4.07
2017-03-07,31.0,31.74,31.25,31.0,23148.4,0.36,1.17,30.546,30.539,30.271,16166.43,16977.74,16706.88,5.22
2017-03-06,30.0,31.0,30.89,30.0,19300.38,0.74,2.45,30.38,30.447,30.183,13741.38,17220.77,16238.0,4.35
2017-03-03,30.09,30.35,30.15,29.27,14349.19,0.05,0.17,30.232,30.306,30.131,13146.23,16328.43,16293.59,3.23
2017-03-02,30.5,30.6,30.1,30.1,11412.08,-0.24,-0.79,30.362,30.188,30.084,14422.8,16320.98,16206.98,2.57
2017-03-01,30.5,30.88,30.34,30.3,12622.08,-0.08,-0.26,30.472,30.14,30.179,16792.03,16308.34,15639.37,2.85
2017-02-28,30.26,30.5,30.42,30.16,11023.19,0.27,0.9,30.532,30.072,30.162,17789.05,16726.95,15577.46,2.49
2017-02-27,30.84,30.99,30.15,30.05,16324.63,-0.65,-2.11,30.514,30.086,30.131,20700.16,16900.59,15819.83,3.68
2017-02-24,30.59,31.12,30.8,30.59,20732.04,0.15,0.49,30.38,30.118,30.111,19510.63,16800.65,16276.01,4.67
2017-02-23,30.64,31.39,30.65,30.32,23258.22,0.01,0.03,30.014,30.056,30.12,18219.16,16287.32,16977.53,5.24
2017-02-22,30.3,30.92,30.64,30.09,17607.15,0.31,1.02,29.808,30.041,30.178,15824.65,16070.32,18648.02,3.97
2017-02-21,29.3,31.64,30.33,29.3,25578.78,0.85,2.88,29.612,30.002,30.16,15664.86,16436.03,19513.66,5.77
2017-02-20,28.9,29.48,29.48,28.8,10376.94,0.51,1.76,29.658,29.919,30.147,13101.02,15255.22,20227.05,2.34
2017-02-17,29.6,29.76,28.97,28.88,14274.73,-0.65,-2.19,29.856,29.956,30.167,14090.67,16258.75,21275.56,3.22
2017-02-16,29.67,29.95,29.62,29.38,11285.67,-0.04,-0.14,30.098,29.979,30.077,14355.47,16092.97,21536.4,2.54
2017-02-15,30.4,30.66,29.66,29.63,16808.19,-0.9,-2.94,30.274,30.217,30.083,16315.98,14970.41,21566.91,3.79
2017-02-14,30.35,30.81,30.56,30.25,12759.58,0.09,0.29,30.392,30.251,30.132,17207.2,14427.97,21056.03,2.88
2017-02-13,30.09,30.8,30.47,29.96,15325.17,0.29,0.96,30.18,30.175,30.147,17409.42,14739.06,20908.53,3.46
2017-02-10,30.61,30.75,30.18,30.12,15598.73,-0.32,-1.05,30.056,30.104,30.159,18426.82,15751.38,20653.37,3.52
2017-02-09,30.24,30.54,30.5,29.91,21088.24,0.25,0.83,29.86,30.184,30.202,17830.48,17667.75,20271.03,4.75
2017-02-08,29.5,30.78,30.25,29.31,21264.27,0.75,2.54,30.16,30.314,30.232,13624.83,21225.72,19944.89,4.79
2017-02-07,29.85,30.14,29.5,29.3,13770.67,-0.35,-1.17,30.11,30.318,30.313,11648.74,22591.29,19671.66,3.1
2017-02-06,29.49,30.38,29.85,29.15,20412.2,0.65,2.23,30.17,30.375,30.45,12068.7,25198.88,20064.03,4.6
2017-02-03,29.9,29.97,29.2,29.02,12617.01,-0.8,-2.67,30.152,30.378,30.509,13075.94,26292.37,20169.92,2.84
2017-02-02,30.0,32.0,32.0,30.0,60.0,2.0,6.67,30.508,30.174,30.633,17505.03,26979.83,19998.14,0.01
2017-01-26,29.7,30.3,30.0,29.7,11383.8,0.2,0.67,30.468,29.948,30.625,28826.6,28163.41,20371.76,2.57
2017-01-25,29.76,30.19,29.8,29.6,15870.48,0.04,0.13,30.526,30.013,30.722,33533.85,27684.1,20056.95,3.58
2017-01-24,30.83,30.86,29.76,29.58,25448.42,-1.22,-3.94,30.58,30.119,30.833,38329.06,27078.01,19575.58,5.74
2017-01-23,31.5,32.15,30.98,30.85,34762.44,-0.82,-2.58,30.604,30.214,30.955,39508.8,25555.36,18982.98,7.84
2017-01-20,30.12,33.32,31.8,29.84,56667.87,1.51,4.99,29.84,30.219,31.004,36454.64,22874.3,17841.63,12.78
2017-01-19,29.29,30.7,30.29,29.0,34920.05,0.22,0.73,29.428,30.149,31.03,27500.22,18664.07,15492.38,7.87
2017-01-18,30.0,31.27,30.07,29.79,39846.53,0.19,0.64,29.5,30.307,31.143,21834.35,16752.03,14240.87,8.98
2017-01-17,27.16,29.88,29.88,26.33,31347.1,2.72,10.02,29.658,30.524,31.254,15826.95,14929.17,12632.77,7.07
2017-01-16,29.69,29.72,27.16,26.77,19491.63,-2.58,-8.68,29.824,30.64,31.373,11601.92,14047.47,11476.49,4.39
2017-01-13,30.71,30.87,29.74,29.57,11895.8,-0.91,-2.97,30.598,31.092,31.643,9293.96,13016.46,11139.61,2.68
2017-01-12,30.75,31.0,30.65,30.57,6590.67,-0.21,-0.68,30.87,31.301,31.77,9827.91,12580.12,11152.84,1.49
2017-01-11,30.71,31.12,30.86,30.7,9809.55,0.15,0.49,31.114,31.431,31.831,11669.71,12429.8,11337.97,2.21
2017-01-10,31.1,31.2,30.71,30.7,10221.95,-0.32,-1.03,31.39,31.546,31.902,14031.39,12073.15,11480.81,2.3
2017-01-09,30.69,31.25,31.03,30.69,7951.85,-0.07,-0.23,31.456,31.696,31.976,16493.02,12410.6,12079.77,1.79
2017-01-06,32.0,32.1,31.1,30.66,14565.53,-0.77,-2.42,31.586,31.788,32.186,16738.95,12808.97,12152.87,3.28
2017-01-05,32.2,32.5,31.87,31.79,15799.67,-0.37,-1.15,31.732,31.911,32.374,15332.32,12320.69,11910.44,3.56
2017-01-04,31.01,32.49,32.24,30.87,21617.95,1.2,3.87,31.748,31.979,32.542,13189.9,11729.71,11511.96,4.87
2017-01-03,31.24,31.31,31.04,30.55,22530.12,-0.64,-2.02,31.702,31.984,32.673,10114.91,10336.38,10842.19,5.08
2016-12-30,31.86,32.01,31.68,31.33,9181.49,-0.15,-0.47,31.936,32.105,32.868,8328.18,8905.51,10238.01,2.07
2016-12-29,31.88,32.44,31.83,31.66,7532.37,-0.12,-0.38,31.99,32.194,33.025,8878.98,9262.76,11027.5,1.7
2016-12-28,32.15,32.21,31.95,31.83,5087.56,-0.06,-0.19,32.09,32.238,33.244,9309.05,9725.56,11320.75,1.15
2016-12-27,32.21,32.35,32.01,31.96,6243.0,-0.2,-0.62,32.21,32.231,33.452,10269.52,10246.14,11913.66,1.41
2016-12-26,31.65,32.25,32.21,30.93,13596.46,0.26,0.81,32.266,32.257,33.642,10557.84,10888.47,12488.52,3.07
2016-12-23,32.36,32.44,31.95,31.76,11935.52,-0.38,-1.18,32.274,32.256,33.841,9482.84,11748.93,12704.6,2.69
2016-12-22,32.5,32.55,32.33,32.17,9682.73,-0.22,-0.68,32.398,32.584,34.077,9646.53,11496.78,13510.09,2.18
2016-12-21,32.6,32.84,32.55,32.3,9889.88,0.26,0.81,32.386,32.837,34.3,10142.06,11500.19,14291.58,2.23
2016-12-20,32.45,32.52,32.29,32.16,7684.63,0.04,0.12,32.252,33.104,34.546,10222.76,11294.21,16738.58,1.73
2016-12-19,32.57,32.86,32.25,32.16,8221.43,-0.32,-0.98,32.248,33.362,34.817,11219.1,11348.0,18312.03,1.85
2016-12-16,32.29,33.1,32.57,32.03,12753.99,0.3,0.93,32.238,33.63,35.053,14015.03,11570.51,19602.46,2.88
2016-12-15,31.71,32.72,32.27,31.71,12160.39,0.39,1.22,32.77,33.855,35.241,13347.02,12792.24,19748.28,2.74
2016-12-14,32.21,32.47,31.88,31.8,10293.34,-0.39,-1.21,33.288,34.249,35.45,12858.31,12915.93,20435.49,2.32
2016-12-13,32.06,32.63,32.27,31.74,12666.34,0.07,0.22,33.956,34.672,35.725,12365.66,13581.19,22296.73,2.86
2016-12-12,35.15,35.19,32.2,32.12,22201.1,-3.03,-8.6,34.476,35.026,35.965,11476.9,14088.56,23430.72,5.01
2016-12-09,35.1,35.25,35.23,34.79,9413.93,0.37,1.06,35.022,35.426,36.199,9125.99,13660.26,25002.46,2.12
2016-12-08,35.21,35.32,34.86,34.74,9716.84,-0.36,-1.02,34.94,35.57,36.256,12237.47,15523.41,26278.85,2.19
2016-12-07,34.99,35.25,35.22,34.8,7830.1,0.35,1.0,35.21,35.762,36.316,12973.56,17082.97,27670.76,1.77
2016-12-06,35.19,35.28,34.87,34.77,8222.53,-0.06,-0.17,35.388,35.987,36.325,14796.72,22182.96,28538.49,1.85
2016-12-05,34.6,35.35,34.93,34.41,10446.56,0.11,0.32,35.576,36.272,36.351,16700.23,25276.05,29616.06,2.36
2016-12-02,36.4,36.4,34.82,34.8,24971.31,-1.39,-3.84,35.83,36.475,36.354,18194.53,27634.41,32335.02,5.63
2016-12-01,36.0,36.47,36.21,35.89,13397.28,0.1,0.28,36.2,36.626,36.459,18809.35,26704.31,32257.18,3.02
2016-11-30,35.78,36.6,36.11,35.51,16945.93,0.3,0.84,36.314,36.65,36.512,21192.37,27955.04,33170.63,3.82
2016-11-29,36.0,36.29,35.81,35.71,17740.05,-0.39,-1.08,36.586,36.777,36.531,29569.2,31012.26,33358.81,4.0
2016-11-28,36.41,36.67,36.2,35.91,17918.08,-0.47,-1.28,36.968,36.903,36.565,33851.88,32772.88,33784.81,4.04
2016-11-25,36.78,36.98,36.67,34.51,28045.41,-0.11,-0.3,37.12,36.972,36.614,37074.28,36344.66,34353.17,6.32
2016-11-24,37.12,37.66,36.78,36.68,25312.4,-0.69,-1.84,37.052,36.942,36.664,34599.27,37034.29,35452.91,5.71
2016-11-23,37.79,38.48,37.47,37.3,58830.04,-0.25,-0.66,36.986,36.87,36.668,34717.71,38258.55,35371.66,13.26
2016-11-22,36.98,37.72,37.72,36.68,39153.48,0.76,2.06,36.968,36.663,36.619,32455.32,34894.02,33288.89,8.83
2016-11-21,36.08,37.4,36.96,36.07,34030.09,0.63,1.73,36.838,36.429,36.541,31693.87,33956.06,32287.25,7.67
2016-11-18,36.36,36.7,36.33,36.27,15670.35,-0.12,-0.33,36.824,36.233,36.524,35615.04,37035.64,31552.13,3.53
2016-11-17,37.16,37.16,36.45,36.3,25904.59,-0.93,-2.49,36.832,36.292,36.532,39469.3,37810.04,31503.3,5.84
2016-11-16,37.15,37.89,37.38,36.86,47518.11,0.31,0.84,36.754,36.374,36.547,41799.4,38386.21,31433.18,10.71
2016-11-15,36.41,37.26,37.07,36.12,35346.23,0.18,0.49,36.358,36.284,36.471,37332.72,35705.36,29812.28,7.97
2016-11-14,37.7,38.0,36.89,36.6,53635.93,0.52,1.43,36.02,36.226,36.445,36218.25,34796.73,29115.63,12.09
2016-11-11,35.99,36.79,36.37,35.73,34941.65,0.31,0.86,35.642,36.255,36.44,38456.24,32361.67,27885.38,7.88
2016-11-10,35.41,36.2,36.06,35.3,37555.07,0.66,1.86,35.752,36.385,36.441,36150.78,33871.54,27259.6,8.47
2016-11-09,35.92,35.92,35.4,34.75,25184.7,0.02,0.06,35.994,36.466,36.43,34973.02,32484.77,25950.65,5.68
2016-11-08,34.97,35.48,35.38,34.7,29773.9,0.38,1.09,36.21,36.575,36.455,34078.01,31683.77,25733.95,6.71
2016-11-07,36.65,36.68,35.0,34.0,64825.88,-1.92,-5.2,36.432,36.652,36.429,33375.22,30618.44,24590.91,14.61
2016-11-04,37.3,37.52,36.92,36.8,23414.36,-0.35,-0.94,36.868,36.815,36.411,26267.11,26068.62,21822.94,5.28
2016-11-03,36.4,37.27,37.27,36.15,31666.28,0.79,2.17,37.018,36.771,36.296,31592.29,25196.55,21092.56,7.14
2016-11-02,36.59,36.85,36.48,36.2,20709.64,-0.45,-1.22,36.938,36.72,36.179,29996.51,24480.14,20116.88,4.67
2016-10-28,37.12,37.6,36.49,36.41,26259.92,-0.69,-1.86,36.94,36.658,36.085,29289.53,23919.19,19745.83,5.92
2016-10-27,37.6,37.86,37.18,37.0,29285.33,-0.49,-1.3,36.872,36.664,36.031,27861.66,23434.52,18922.48,6.6
2016-10-26,36.9,38.3,37.67,36.6,50040.3,0.8,2.17,36.762,36.624,35.95,25870.14,23409.08,18065.0,11.28
2016-10-25,36.58,37.37,36.87,36.51,23687.34,0.38,1.04,36.524,36.497,35.835,18800.81,20647.67,16042.36,5.34
2016-10-24,36.08,36.85,36.49,35.99,17174.74,0.34,0.94,36.502,36.394,35.755,18963.77,19416.53,15235.39,3.87
2016-10-21,36.62,36.76,36.15,35.85,19120.6,-0.48,-1.31,36.376,36.334,35.708,18548.86,19784.13,14986.75,4.31
2016-10-20,36.49,37.0,36.63,36.36,19327.72,0.15,0.41,36.456,36.205,35.662,19007.38,18563.37,14566.87,4.36
2016-10-19,36.76,36.98,36.48,36.3,14693.63,-0.28,-0.76,36.486,36.006,35.588,20948.02,17577.25,14198.06,3.31
2016-10-18,35.87,36.85,36.76,35.8,24502.18,0.9,2.51,36.47,35.821,35.503,22494.53,16988.57,14650.86,5.52
2016-10-17,36.54,36.99,35.86,35.69,15100.18,-0.69,-1.89,36.286,35.637,35.478,19869.3,15753.61,14413.91,3.4
2016-10-14,36.35,36.99,36.55,35.91,21413.21,-0.23,-0.62,36.292,35.511,35.535,21019.39,15572.47,14954.34,4.83
2016-10-13,36.46,37.12,36.78,35.93,29030.91,0.38,1.04,35.954,35.397,35.552,18119.36,14410.43,15787.77,6.54
2016-10-12,35.71,36.71,36.4,35.62,22426.15,0.56,1.56,35.526,35.276,35.596,14206.47,12720.91,17363.19,5.06
2016-10-11,35.98,35.99,35.84,35.65,11376.03,-0.05,-0.14,35.172,35.172,35.555,11482.61,11437.06,16861.12,2.56
2016-10-10,35.25,36.15,35.89,35.12,20850.65,1.03,2.96,34.988,35.116,35.544,11637.93,11054.24,17236.2,4.7
2016-09-30,34.43,34.89,34.86,34.43,6913.07,0.22,0.64,34.73,35.082,35.557,10125.56,10189.38,16900.01,1.56
2016-09-29,34.65,35.1,34.64,34.61,9466.46,0.01,0.03,34.84,35.118,35.646,10701.5,10570.37,17397.81,2.13
2016-09-28,34.94,34.96,34.63,34.6,8806.85,-0.29,-0.83,35.026,35.169,35.763,11235.35,10818.86,17769.13,1.99
2016-09-27,34.24,34.96,34.92,34.23,12152.6,0.32,0.93,35.172,35.184,35.869,11391.51,12313.15,18061.99,2.74
2016-09-26,35.5,35.59,34.6,34.55,13288.8,-0.81,-2.29,35.244,35.318,35.968,10470.55,13074.2,18531.41,3.0
2016-09-23,35.65,35.71,35.41,35.35,9792.8,-0.16,-0.45,35.434,35.558,36.078,10253.21,14336.22,19197.16,2.21
2016-09-22,35.63,36.07,35.57,35.53,12135.71,0.21,0.59,35.396,35.706,36.196,10439.23,17165.1,20889.21,2.74
2016-09-21,35.35,35.77,35.36,35.32,9587.62,0.08,0.23,35.312,35.916,36.219,10402.38,22005.47,20906.23,2.16
2016-09-20,35.38,35.65,35.28,35.15,7547.8,-0.27,-0.76,35.196,35.937,36.251,13234.8,22285.18,21253.96,1.7
2016-09-19,35.21,35.84,35.55,35.21,12202.1,0.33,0.94,35.392,35.972,36.331,15677.85,23418.17,21650.69,2.75
2016-09-14,34.88,35.5,35.22,34.76,10722.92,0.07,0.2,35.682,36.031,36.391,18419.23,23610.63,22182.11,2.42
2016-09-13,35.07,35.25,35.15,34.85,11951.44,0.37,1.06,36.016,36.173,36.495,23890.98,24225.25,22662.92,2.69
2016-09-12,35.56,35.56,34.78,34.74,23749.74,-1.48,-4.08,36.52,36.357,36.596,33608.57,24719.39,23412.99,5.35
2016-09-09,36.8,37.24,36.26,36.26,19763.06,-0.74,-2.0,36.678,36.554,36.715,31335.55,23810.83,24161.45,4.46
2016-09-08,36.8,37.58,37.0,36.6,25908.98,0.11,0.3,36.552,36.617,36.702,31158.49,23988.62,24042.69,5.84
2016-09-07,37.68,37.8,36.89,36.83,38081.67,-0.78,-2.07,36.38,36.598,36.632,28802.03,24058.11,23876.04,8.59
2016-09-06,35.57,39.13,37.67,35.32,60539.4,2.1,5.9,36.33,36.686,36.62,24559.51,24613.32,23501.02,13.65
2016-09-05,35.9,36.14,35.57,35.46,12384.65,-0.06,-0.17,36.194,36.521,36.599,15830.21,19806.98,22964.32,2.79
2016-09-02,36.08,36.25,35.63,35.36,18877.77,-0.51,-1.41,36.43,36.564,36.717,16286.1,20222.74,24677.53,4.26
2016-09-01,36.7,36.8,36.14,36.08,14126.67,-0.5,-1.36,36.682,36.689,36.682,16818.75,19883.21,24939.29,3.18
2016-08-31,36.99,37.03,36.64,36.32,16869.07,-0.35,-0.95,36.816,36.751,36.66,19314.19,20753.6,26256.62,3.8
2016-08-30,36.8,37.35,36.99,36.7,16892.9,0.24,0.65,37.042,36.817,36.538,24667.13,21100.59,26088.98,3.81
2016-08-29,36.9,37.2,36.75,36.36,14664.11,-0.14,-0.38,36.848,36.834,36.416,23783.76,22106.59,25963.31,3.31
2016-08-26,36.7,37.5,36.89,36.56,21541.01,0.08,0.22,36.698,36.875,36.286,24159.38,24512.07,26230.39,4.86
2016-08-25,37.3,37.5,36.81,36.21,26603.84,-0.96,-2.54,36.696,36.786,36.186,22947.66,24096.76,25925.47,6.0
2016-08-24,36.09,38.18,37.77,36.06,43633.77,1.75,4.86,36.686,36.665,36.095,22193.01,23693.98,26097.43,9.84
2016-08-23,35.99,36.3,36.02,35.53,12476.05,0.02,0.06,36.592,36.553,35.996,17534.05,22388.71,27479.83,2.81
2016-08-22,36.73,37.24,36.0,35.91,16542.23,-0.88,-2.39,36.82,36.677,36.149,20429.42,26121.65,28534.17,3.73
2016-08-19,36.67,37.15,36.88,36.43,15482.42,0.12,0.33,37.052,36.87,36.301,24864.77,29132.31,28777.87,3.49
2016-08-18,37.05,37.29,36.76,36.68,22830.59,-0.54,-1.45,36.876,36.675,36.388,25245.86,29995.38,29359.83,5.15
2016-08-17,37.16,37.5,37.3,37.02,20338.98,0.14,0.38,36.644,36.568,36.51,25194.94,31759.64,29705.56,4.59
2016-08-16,37.0,37.6,37.16,36.8,26952.86,0.0,0.0,36.514,36.258,36.602,27243.37,31077.36,30153.41,6.08
2016-08-15,36.0,37.95,37.16,35.58,38718.99,1.16,3.22,36.534,35.998,36.724,31813.88,29820.03,30503.73,8.73
2016-08-12,35.5,36.18,36.0,35.36,17387.9,0.4,1.12,36.688,35.697,36.81,33399.85,27948.71,30057.65,3.92
2016-08-11,36.4,36.44,35.6,35.54,22575.99,-1.05,-2.87,36.474,35.587,36.927,34744.89,27754.17,30959.1,5.09
2016-08-10,37.19,37.98,36.65,36.64,30581.12,-0.61,-1.64,36.492,35.524,37.101,38324.33,28500.88,31667.66,6.89
2016-08-09,37.87,38.86,37.26,36.61,49805.41,-0.67,-1.77,36.002,35.439,37.236,34911.36,32570.95,33096.43,11.23
2016-08-08,34.66,38.39,37.93,33.81,46648.83,3.0,8.59,35.462,35.621,37.323,27826.18,30946.69,36000.3,10.52
2016-08-05,35.25,35.59,34.93,34.76,24113.08,-0.76,-2.13,34.706,35.731,37.525,22497.56,28423.42,36163.63,5.44
2016-08-04,34.18,36.46,35.69,34.1,40473.21,1.49,4.36,34.7,36.1,37.951,20763.46,28724.29,37176.2,9.12
2016-08-03,34.54,34.56,34.2,33.88,13516.25,-0.36,-1.04,34.556,36.451,38.296,18677.43,27651.49,37666.35,3.05
2016-08-02,34.2,34.74,34.56,34.09,14379.52,0.41,1.2,34.876,36.946,38.761,30230.54,29229.45,38925.14,3.24
2016-08-01,34.98,34.98,34.15,33.01,20005.74,-0.75,-2.15,35.78,37.45,39.185,34067.21,31187.43,40047.07,4.51
2016-07-29,34.97,35.47,34.9,34.5,15442.6,-0.07,-0.2,36.756,37.923,39.649,34349.29,32166.59,41348.41,3.48
2016-07-28,35.51,35.65,34.97,34.37,30043.05,-0.83,-2.32,37.5,38.266,40.011,36685.12,34164.02,42515.79,6.77
2016-07-27,38.7,39.0,35.8,35.47,71281.81,-3.28,-8.39,38.346,38.678,40.416,36625.54,34834.43,43416.81,16.07
2016-07-26,38.73,39.4,39.08,38.41,33562.85,0.05,0.13,39.016,39.033,40.801,28228.35,33621.91,43758.33,7.57
2016-07-25,38.51,39.1,39.03,38.08,21416.12,0.41,1.06,39.12,39.025,41.049,28307.64,41053.91,45736.33,4.83
2016-07-22,39.25,39.25,38.62,38.46,27121.79,-0.58,-1.48,39.09,39.319,41.27,29983.89,43903.83,48675.47,6.11
2016-07-21,39.22,39.55,39.2,38.71,29745.13,0.05,0.13,39.032,39.802,41.404,31642.92,45628.11,50901.85,6.71
2016-07-20,39.78,39.79,39.15,39.08,29295.86,-0.45,-1.14,39.01,40.141,41.49,33043.33,47681.21,52058.07,6.6
2016-07-19,38.9,39.66,39.6,38.58,33959.32,0.72,1.85,39.05,40.576,41.606,39015.48,48620.83,53127.43,7.66
2016-07-18,38.62,39.26,38.88,38.49,29797.36,0.55,1.44,38.93,40.919,41.576,53800.17,48906.71,53633.32,6.72
2016-07-15,39.12,39.27,38.33,37.89,35416.95,-0.76,-1.94,39.548,41.374,41.594,57823.78,50530.23,53691.53,7.98
2016-07-14,39.41,39.41,39.09,38.7,36747.14,-0.26,-0.66,40.572,41.756,41.647,59613.3,50867.56,54180.86,8.28
2016-07-13,38.6,39.43,39.35,38.41,59156.62,0.35,0.9,41.272,42.153,41.624,62319.1,51999.18,54464.16,13.34
2016-07-12,42.05,42.48,39.0,37.77,107882.8,-2.97,-7.08,42.102,42.568,41.596,58226.17,53894.75,53923.99,24.32
2016-07-11,42.87,43.3,41.97,41.6,49915.37,-1.48,-3.41,42.908,43.073,41.481,44013.25,50418.74,50462.43,11.25
2016-07-08,42.33,43.77,43.45,42.12,44364.57,0.86,2.02,43.2,43.221,41.257,43236.68,53447.11,50217.7,10.0
2016-07-07,43.85,43.99,42.59,41.9,50276.12,-0.91,-2.09,42.94,43.006,41.167,42121.83,56175.59,49632.95,11.33
2016-07-06,42.81,43.8,43.5,42.61,38692.0,0.47,1.09,43.034,42.839,41.154,41679.27,56434.92,49370.3,8.72
2016-07-05,43.22,43.53,43.03,42.44,36818.19,-0.4,-0.92,43.034,42.635,41.098,49563.32,57634.04,50434.38,8.3
2016-07-04,41.63,43.98,43.43,41.42,46032.53,1.28,3.04,43.238,42.233,41.097,56824.24,58359.93,53535.47,10.38
2016-07-01,42.66,43.35,42.15,41.98,38790.3,-0.91,-2.11,43.242,41.813,40.995,63657.54,56852.83,55291.55,8.75
2016-06-30,42.98,43.97,43.06,42.19,48063.32,-0.44,-1.01,43.072,41.537,40.885,70229.36,57494.16,57692.32,10.84
2016-06-29,45.88,46.8,43.5,43.08,78112.27,-0.51,-1.16,42.644,41.095,40.671,71190.58,56929.13,58034.57,17.58
2016-06-28,43.0,45.18,44.05,42.6,73122.77,0.6,1.38,42.236,40.624,40.259,65704.75,53953.24,54836.68,16.45
2016-06-27,40.97,43.95,43.45,40.85,80199.04,2.15,5.21,41.228,39.888,39.845,59895.62,50506.11,52066.5,18.04
2016-06-24,41.22,42.35,41.3,38.5,71649.38,0.38,0.93,40.384,39.292,39.493,50048.13,46988.29,49408.87,16.12
2016-06-23,41.0,41.98,40.92,40.56,52869.43,-0.54,-1.3,40.002,39.327,39.228,44758.96,43090.32,47255.45,11.9
2016-06-22,38.31,41.49,41.46,38.21,50683.12,2.45,6.28,39.546,39.468,38.971,42667.69,42305.68,45552.02,11.4
2016-06-21,39.69,41.5,39.01,38.91,44077.11,-0.22,-0.56,39.012,39.56,38.72,42201.73,43234.72,44352.39,9.92
2016-06-20,39.1,39.38,39.23,38.13,30961.59,-0.16,-0.41,38.548,39.961,38.567,41116.61,48711.01,43593.41,6.97
2016-06-17,38.8,40.57,39.39,38.64,45203.56,0.75,1.94,38.2,40.176,38.346,43928.46,53730.27,43312.65,10.17
2016-06-16,38.2,39.78,38.64,38.2,42413.08,-0.15,-0.39,38.652,40.233,38.101,41421.67,57890.49,42333.88,9.54
2016-06-15,36.02,39.7,38.79,35.91,48353.32,2.1,5.72,39.39,40.247,38.005,41943.67,59140.0,42166.51,10.88
2016-06-14,36.8,37.48,36.69,36.0,38651.51,-0.8,-2.13,40.108,39.893,37.848,44267.71,55720.12,41108.15,8.7
2016-06-13,40.31,41.43,37.49,37.49,45020.84,-4.16,-9.99,41.374,39.802,37.704,56305.4,53626.88,39839.43,10.13
2016-06-08,42.34,42.34,41.65,41.18,32669.59,-0.68,-1.61,42.152,39.693,37.529,63532.07,51829.45,38452.5,7.35
2016-06-07,42.18,42.35,42.33,41.03,45023.07,-0.05,-0.12,41.814,39.128,37.181,74359.3,51420.58,37658.31,10.13
2016-06-06,42.51,43.58,42.38,42.16,59973.54,-0.64,-1.49,41.104,38.473,36.81,76336.34,48798.36,36167.89,13.49
2016-06-03,40.5,43.5,43.02,39.9,98839.95,1.64,3.96,39.678,37.88,36.43,67172.52,45470.06,34507.34,22.24
2016-06-02,39.96,42.28,41.38,39.55,81154.2,1.42,3.55,38.23,37.173,36.135,50948.37,38475.81,31551.23,18.26
2016-06-01,39.8,41.18,39.96,39.7,86805.75,1.18,3.04,37.234,36.516,36.08,40126.82,32895.03,28991.4,19.53
2016-05-31,35.25,38.78,38.78,35.25,54908.25,3.53,10.01,36.442,35.968,36.065,28481.86,26777.27,26140.57,12.35
2016-05-30,35.05,36.09,35.25,34.62,14154.47,-0.53,-1.48,35.842,35.762,36.127,21260.38,25193.01,25296.29,3.18
2016-05-27,36.36,36.36,35.78,35.65,17719.19,-0.62,-1.7,36.082,35.802,36.314,23767.6,26496.18,26261.6,3.99
2016-05-26,36.05,36.48,36.4,34.4,27046.46,0.4,1.11,36.116,35.605,36.56,26003.25,26051.98,27924.94,6.09
2016-05-25,36.15,37.34,36.0,35.85,28580.94,0.22,0.61,35.798,35.365,36.735,25663.24,25075.56,29157.26,6.43
2016-05-24,36.16,36.2,35.78,35.46,18800.85,-0.67,-1.84,35.494,35.234,36.81,25072.67,23896.03,28680.1,4.23
2016-05-23,36.0,36.69,36.45,36.0,26690.55,0.5,1.39,35.682,35.146,36.856,29125.64,23537.43,28578.81,6.01
2016-05-20,34.2,36.1,35.95,34.2,28897.44,1.14,3.27,35.522,34.979,36.903,29224.77,23544.61,28289.1,6.5
2016-05-19,34.12,35.96,34.81,34.1,25346.41,0.33,0.96,35.094,35.096,36.95,26100.71,24626.66,28562.57,5.7
2016-05-18,35.98,35.98,34.48,34.0,25628.11,-2.24,-6.1,34.932,35.643,37.135,24487.87,25087.78,29601.15,5.77
2016-05-17,35.05,38.33,36.72,34.7,39065.69,1.07,3.0,34.974,36.162,37.531,22719.39,25503.87,29622.65,8.79
2016-05-16,34.58,36.95,35.65,34.16,27186.18,1.84,5.44,34.61,36.492,37.791,17949.21,25399.57,29238.2,6.12
2016-05-13,34.02,34.56,33.81,33.6,13277.18,-0.19,-0.56,34.436,36.826,38.173,17864.46,26027.01,29302.07,2.99
2016-05-12,34.12,34.4,34.0,32.02,17282.21,-0.69,-1.99,35.098,37.515,38.659,23152.61,29797.89,30171.13,3.89
2016-05-11,35.39,35.4,34.69,34.55,16785.69,-0.21,-0.6,36.354,38.105,39.098,25687.68,33238.96,31326.11,3.78
2016-05-10,34.99,35.4,34.9,34.44,15214.81,0.12,0.34,37.35,38.385,39.481,28288.36,33464.16,32500.69,3.42
2016-05-09,35.82,36.82,34.78,34.4,26762.39,-2.34,-6.3,38.374,38.565,39.938,32849.92,33620.2,34073.7,6.02
2016-05-06,40.51,40.88,37.12,37.03,39717.93,-3.16,-7.84,39.216,38.826,40.357,34189.57,33033.58,36191.22,8.94
2016-05-05,39.6,40.46,40.28,39.2,29957.58,0.61,1.54,39.932,38.804,40.793,36443.18,32498.49,39418.67,6.74
2016-05-04,39.57,40.49,39.67,39.51,29789.07,-0.35,-0.88,39.856,38.626,41.009,40790.25,34114.52,40452.77,6.7
2016-05-03,38.5,40.1,40.02,38.01,38022.64,1.03,2.64,39.42,38.899,41.255,38639.97,33741.43,41623.79,8.56
2016-04-29,40.25,40.98,38.99,38.72,33460.61,-1.71,-4.2,38.756,39.089,41.407,34390.48,33076.83,41648.0,7.53
2016-04-28,39.22,43.89,40.7,39.22,50986.0,0.8,2.0,38.436,39.52,41.688,31877.59,32577.13,43024.62,11.47
2016-04-27,37.51,41.0,39.9,37.15,51692.93,2.41,6.43,37.676,39.803,41.882,28553.79,30544.36,42995.89,11.63
2016-04-26,36.5,37.49,37.49,36.5,19037.68,0.79,2.15,37.396,40.091,41.997,27438.79,29413.26,42868.23,4.28
2016-04-25,37.4,37.4,36.7,36.0,16775.17,-0.69,-1.84,38.378,40.577,42.319,28842.89,31537.21,45286.32,3.77
2016-04-22,36.5,37.4,37.39,36.3,20896.19,0.49,1.33,39.422,41.311,42.751,31763.18,34527.19,49234.13,4.7
2016-04-21,38.02,38.5,36.9,36.66,34367.0,-1.6,-4.16,40.604,41.887,43.026,33276.66,39348.86,51322.7,7.73
2016-04-20,42.41,42.95,38.5,38.18,46117.93,-3.9,-9.2,41.93,42.782,43.46,32534.92,46338.85,53155.62,10.38
2016-04-19,42.11,43.5,42.4,42.11,26058.18,0.48,1.15,42.786,43.391,43.781,31387.72,46791.02,54802.31,5.86
2016-04-18,42.51,42.78,41.92,41.2,31376.61,-1.38,-3.19,42.776,43.611,44.021,34231.52,49506.16,59077.76,7.06
2016-04-15,43.63,43.78,43.3,42.95,28463.59,-0.23,-0.53,43.2,43.725,44.196,37291.2,50219.18,64175.04,6.4
2016-04-14,43.51,43.78,43.53,42.8,30658.31,0.75,1.75,43.17,43.855,44.209,45421.06,53472.12,67152.57,6.9
2016-04-13,42.48,43.71,42.78,42.46,40381.9,0.43,1.01,43.634,43.961,44.012,60142.78,55447.42,71184.12,9.09
2016-04-12,43.36,43.7,42.35,41.88,40277.19,-1.69,-3.84,43.996,43.902,43.91,62194.32,56323.21,76406.61,9.06
2016-04-11,43.7,44.27,44.04,43.3,46675.02,0.89,2.06,44.446,44.06,43.722,64780.79,59035.43,75513.41,10.5
2016-04-08,44.51,45.0,43.15,42.03,69112.88,-2.7,-5.89,44.25,44.191,43.275,63147.15,63941.06,74814.53,15.55
2016-04-07,45.28,48.14,45.85,45.01,104266.91,1.26,2.83,44.54,44.164,42.712,61523.18,63296.53,73019.54,23.46
2016-04-06,44.2,46.0,44.59,44.02,50639.61,-0.01,-0.02,44.288,44.137,41.975,50752.06,59972.38,68714.98,11.39
2016-04-05,43.19,45.67,44.6,42.9,53209.54,1.54,3.58,43.808,44.17,41.346,50452.1,62813.6,67583.65,11.97
2016-04-01,43.77,43.78,43.06,42.43,38506.81,-1.54,-3.45,43.674,44.43,40.68,53290.08,68649.36,66127.45,8.66
2016-03-31,44.0,45.97,44.6,43.9,60993.01,0.01,0.02,44.132,44.666,40.04,64734.97,78130.89,65755.65,13.72
2016-03-30,42.84,44.97,44.59,42.2,50411.33,2.4,5.69,43.788,44.562,39.448,65069.89,80833.02,64336.53,11.34
2016-03-29,43.94,44.5,42.19,41.11,49139.79,-1.74,-3.96,43.986,44.063,38.835,69192.7,86920.81,63338.12,11.06
2016-03-28,44.61,46.6,43.93,43.03,67399.44,-1.42,-3.13,44.532,43.917,38.274,75175.1,96490.01,62383.42,15.16
2016-03-25,42.9,47.17,45.35,42.9,95731.28,2.47,5.76,45.186,43.384,37.629,84008.65,91991.39,60186.98,21.54
2016-03-24,44.5,45.09,42.88,42.83,62667.59,-2.7,-5.92,45.2,42.358,37.086,91526.82,85688.0,57435.3,14.1
2016-03-23,43.99,45.58,45.58,43.58,71025.39,0.66,1.47,45.336,41.26,36.777,96596.15,82742.54,57128.57,15.98
2016-03-22,45.5,45.98,44.92,44.51,79051.81,-2.28,-4.83,44.14,39.813,36.537,104648.93,77457.58,56526.95,17.79
2016-03-21,44.9,47.9,47.2,44.11,111567.17,1.78,3.92,43.302,38.521,36.171,117804.92,72353.7,55172.23,25.1
2016-03-18,44.0,47.86,45.42,43.67,133322.14,1.86,4.27,41.582,36.93,35.759,99974.13,63605.54,53414.42,30.0
2016-03-17,39.0,43.56,43.56,38.44,88014.24,3.96,10.0,39.516,35.413,35.461,79849.19,53380.41,47899.3,19.8
2016-03-16,41.0,42.0,39.6,39.0,111289.27,-1.13,-2.77,37.184,34.333,35.235,68888.93,47840.04,45017.21,25.04
2016-03-15,42.0,42.46,40.73,40.18,144831.77,2.13,5.52,35.486,33.606,35.238,50266.23,39755.44,41035.95,32.59
2016-03-14,38.6,38.6,38.6,38.6,22413.25,3.51,10.0,33.74,32.631,35.161,26902.48,28276.84,35328.95,5.04
2016-03-11,32.0,35.09,35.09,31.42,32697.41,3.19,10.0,32.278,31.874,35.087,27236.94,28382.57,35501.83,7.36
2016-03-10,31.0,34.22,31.9,30.65,33212.97,0.79,2.54,31.31,31.813,35.207,26911.63,29182.59,36192.41,7.47
2016-03-09,31.01,32.2,31.11,30.31,18175.75,-0.89,-2.78,31.482,32.293,35.502,26791.14,31514.59,35400.02,4.09
2016-03-08,31.3,32.43,32.0,28.98,28013.0,0.71,2.27,31.726,33.26,35.787,29244.64,35596.32,35355.95,6.3
2016-03-07,30.3,32.4,31.29,30.3,24085.57,1.04,3.44,31.522,33.821,36.032,29651.19,37990.77,34916.56,5.42
2016-03-04,32.0,32.45,30.25,29.96,31070.85,-2.51,-7.66,31.47,34.587,36.194,29528.19,43223.29,34435.09,6.99
2016-03-03,32.09,34.68,32.76,32.01,32610.53,0.43,1.33,32.316,35.508,36.476,31453.55,42418.2,33726.65,7.34
2016-03-02,30.71,32.58,32.33,30.3,30443.26,1.35,4.36,33.104,36.137,36.549,36238.04,42194.39,32932.33,6.85
2016-03-01,30.2,31.45,30.98,28.96,30045.76,-0.05,-0.16,34.794,36.869,36.799,41947.99,42316.47,32330.2,6.76
2016-02-29,34.0,34.0,31.03,31.03,23470.56,-3.45,-10.01,36.12,37.691,37.063,46330.35,42381.07,31711.81,5.28
2016-02-26,35.9,36.51,34.48,34.0,40697.65,-2.22,-6.05,37.704,38.299,37.527,56918.39,42621.09,31182.6,9.16
2016-02-25,39.78,40.0,36.7,36.7,56532.95,-4.08,-10.01,38.7,38.601,37.8,53382.84,43202.22,29938.31,12.72
2016-02-24,36.73,41.37,40.78,36.73,58993.05,3.17,8.43,39.17,38.711,37.925,48150.74,39285.45,28163.15,13.27
2016-02-23,38.13,38.56,37.61,36.9,51957.52,-1.34,-3.44,38.944,38.313,37.936,42684.95,35115.59,26203.97,11.69
2016-02-22,38.99,39.4,38.95,36.66,76410.8,-0.51,-1.29,39.262,38.242,38.115,38431.8,31842.35,24728.1,17.19
2016-02-19,39.0,39.9,39.46,38.53,23019.9,0.41,1.05,38.894,37.801,38.146,28323.79,25646.89,21790.33,5.18
2016-02-18,39.85,40.73,39.05,38.97,30372.44,-0.6,-1.51,38.502,37.444,38.074,33021.6,25035.09,21614.1,6.83
2016-02-17,38.8,39.87,39.65,38.52,31664.1,0.45,1.15,38.252,36.962,38.161,30420.15,23670.27,21234.37,7.12
2016-02-16,37.96,39.96,39.2,37.46,30691.76,2.09,5.63,37.682,36.728,38.069,27546.22,22343.93,20435.73,6.91
2016-02-15,35.61,37.4,37.11,35.1,25870.75,-0.39,-1.04,37.222,36.435,38.139,25252.9,21042.54,19851.69,5.82
2016-02-05,37.6,37.9,37.5,36.25,46508.94,-0.3,-0.79,36.708,36.754,38.286,22969.98,19744.1,19503.43,10.46
2016-02-04,37.09,38.45,37.8,37.0,17365.22,1.0,2.72,36.386,36.998,38.635,17048.59,16674.4,18193.66,3.91
2016-02-03,36.1,37.15,36.8,35.52,17294.44,-0.1,-0.27,35.672,37.138,38.968,16920.38,17040.86,17567.6,3.89
2016-02-02,35.0,37.05,36.9,34.75,19225.14,2.36,6.83,35.774,37.558,39.596,17141.65,17292.36,17549.61,4.33
2016-02-01,35.69,35.95,34.54,33.98,14456.16,-1.35,-3.76,35.648,37.987,40.108,16832.18,17613.85,17650.27,3.25
2016-01-29,34.23,36.56,35.89,34.0,16901.99,1.66,4.85,36.8,38.49,40.904,16518.23,17933.77,17913.0,3.8
2016-01-28,35.99,36.68,34.23,34.02,16724.19,-3.08,-8.26,37.61,38.703,41.913,16300.21,18193.11,18258.88,3.76
2016-01-27,37.5,38.42,37.31,34.4,18400.75,1.04,2.87,38.604,39.36,43.142,17161.33,18798.48,18100.02,4.14
2016-01-26,39.89,39.89,36.27,36.27,17677.8,-4.03,-10.0,39.342,39.409,44.154,17443.08,18527.53,18290.74,3.98
2016-01-25,39.95,41.0,40.3,39.94,12886.4,0.36,0.9,40.326,39.843,45.291,18395.52,18660.84,18306.05,2.9
2016-01-22,39.5,40.5,39.94,38.51,15811.91,0.74,1.89,40.18,39.817,46.267,19349.3,19262.76,18341.14,3.56
2016-01-21,40.37,42.25,39.2,39.2,21029.81,-1.8,-4.39,39.796,40.272,47.302,20086.0,19712.92,18360.21,4.73
2016-01-20,40.58,42.0,41.0,40.52,19809.46,-0.19,-0.46,40.116,40.797,48.344,20435.62,18094.34,18579.13,4.46
2016-01-19,39.7,41.29,41.19,38.88,22440.04,1.62,4.09,39.476,41.634,49.403,19611.98,17806.86,18547.12,5.05
2016-01-18,37.5,40.5,39.57,37.2,17655.3,1.55,4.08,39.36,42.229,50.419,18926.15,17686.69,18372.07,3.97
2016-01-15,40.01,40.85,38.02,37.7,19495.39,-2.78,-6.81,39.454,43.318,51.567,19176.22,17892.23,18861.86,4.39
2016-01-14,35.66,41.0,40.8,35.12,22777.92,3.0,7.94,40.748,45.123,52.871,19339.84,18324.65,19784.49,5.13
2016-01-13,41.5,41.5,37.8,37.61,15691.25,-2.81,-6.92,41.478,46.923,53.942,15753.05,17401.56,19768.33,3.53
2016-01-12,40.04,41.27,40.61,38.8,19010.9,0.57,1.42,43.792,48.899,55.177,16001.74,18053.96,20769.12,4.28
2016-01-11,44.0,44.0,40.04,40.04,18905.66,-4.45,-10.0,45.098,50.738,56.207,16447.23,17951.26,20906.14,4.25
2016-01-08,46.0,46.69,44.49,41.02,20313.46,0.04,0.09,47.182,52.716,57.191,16608.23,17419.52,21305.21,4.57
2016-01-07,48.52,48.53,44.45,44.43,4844.0,-4.92,-9.97,49.498,54.332,58.083,17309.46,17007.5,21914.84,1.09
2016-01-06,47.58,49.97,49.37,47.58,16934.68,2.23,4.73,52.368,55.89,58.959,19050.08,19063.93,23057.71,3.81
2016-01-05,46.32,50.0,47.14,45.63,21238.33,-3.32,-6.58,54.006,57.172,59.62,20106.17,19287.38,23636.34,4.78
2016-01-04,55.78,55.78,50.46,50.46,19710.69,-5.61,-10.01,56.378,58.609,60.481,19455.29,19057.45,24652.99,4.43
2015-12-31,58.6,58.61,56.07,56.0,23819.62,-2.73,-4.64,58.25,59.815,61.017,18230.8,19831.48,25021.08,5.36
2015-12-30,57.62,58.8,58.8,57.61,13547.06,1.24,2.15,59.166,60.618,61.335,16705.55,21244.33,25349.72,3.05
2015-12-29,59.0,59.38,57.56,57.0,22215.17,-1.44,-2.44,59.412,60.961,61.345,19077.78,22135.09,26093.85,5.0
2015-12-28,60.0,61.2,59.0,59.0,17983.92,-0.82,-1.37,60.338,61.455,61.548,18468.58,23484.29,26723.11,4.05
2015-12-25,60.6,61.5,59.82,59.61,13588.23,-0.83,-1.37,60.84,61.675,61.827,18659.61,23861.02,28210.58,3.06
2015-12-24,58.73,60.78,60.65,58.52,16193.35,0.62,1.03,61.38,61.666,61.971,21432.17,25190.91,30286.54,3.64
2015-12-23,62.2,62.46,60.03,59.86,25408.23,-2.16,-3.47,62.07,61.834,62.379,25783.12,26822.17,33028.13,5.72
2015-12-22,61.9,62.45,62.19,61.0,19169.15,0.68,1.11,62.51,62.027,63.033,25192.39,27051.5,35476.94,4.31
2015-12-21,62.01,62.2,61.51,60.3,18939.07,-1.01,-1.61,62.572,62.068,63.482,28500.01,27985.31,37493.88,4.26
2015-12-18,64.1,64.3,62.52,62.01,27451.03,-1.58,-2.46,62.51,62.353,63.806,29062.43,30248.54,40073.89,6.18
2015-12-17,63.2,64.5,64.1,62.5,37948.1,1.87,3.0,61.952,62.218,64.065,28949.65,30210.68,42416.39,8.54
2015-12-16,63.65,63.7,62.23,62.0,22454.62,-0.27,-0.43,61.598,62.052,64.058,27861.22,29455.1,42607.2,5.05
2015-12-15,61.04,64.6,62.5,61.0,35707.21,1.3,2.12,61.544,61.729,64.001,28910.6,30052.61,43507.84,8.03
2015-12-14,58.51,61.3,61.2,57.82,21751.18,1.47,2.46,61.564,61.64,64.086,27470.61,29961.93,44696.07,4.89
2015-12-11,61.34,62.48,59.73,59.11,26887.13,-2.6,-4.17,62.196,61.979,64.416,31434.65,32560.15,45409.04,6.05
2015-12-10,61.21,63.6,62.33,61.2,32505.94,0.37,0.6,62.484,62.276,64.698,31471.72,35382.18,47423.37,7.31
2015-12-09,62.0,63.8,61.96,61.3,27701.53,-0.64,-1.02,62.506,62.924,65.171,31048.99,39234.09,50307.14,6.23
2015-12-08,63.69,64.45,62.6,61.51,28507.25,-1.76,-2.73,61.914,64.038,65.571,31194.62,43902.39,52470.68,6.41
2015-12-07,62.49,65.7,64.36,61.2,41571.4,3.19,5.21,61.716,64.895,65.621,32453.25,47002.45,54249.33,9.35
2015-12-04,62.15,63.43,61.17,60.5,27072.48,-1.27,-2.03,61.762,65.259,65.624,33685.65,49899.23,55993.11,6.09
2015-12-03,58.58,62.58,62.44,58.58,30392.27,3.44,5.83,62.068,65.912,65.6,39292.64,54622.1,57143.83,6.84
2015-12-02,61.3,62.27,59.0,56.77,28429.68,-2.61,-4.24,63.342,66.063,65.413,47419.2,55759.29,58546.72,6.4
2015-12-01,64.4,65.5,61.61,60.0,34800.41,-2.98,-4.61,66.162,66.273,65.467,56610.16,56963.07,59834.22,7.83
2015-11-30,62.9,65.0,64.59,58.0,47733.4,1.89,3.01,68.074,66.532,65.117,61551.66,59430.22,59964.92,10.74
2015-11-27,68.01,69.93,62.7,62.0,55107.42,-6.11,-8.88,68.756,66.853,64.569,66112.82,58257.93,60014.66,12.4
2015-11-26,73.68,73.68,68.81,68.68,71025.07,-4.29,-5.87,69.756,67.12,64.302,69951.56,59464.55,60328.8,15.98
2015-11-25,70.51,76.68,73.1,69.0,74384.51,1.93,2.71,68.784,67.417,63.939,64099.39,61380.18,61977.03,16.74
2015-11-24,66.0,72.08,71.17,65.5,59507.88,3.17,4.66,66.384,67.103,63.474,57315.97,61038.97,58533.67,13.39
2015-11-23,67.73,72.79,68.0,67.0,70539.22,0.3,0.44,64.99,66.346,62.816,57308.78,61496.21,58362.29,15.87
2015-11-20,63.95,69.66,67.7,61.5,74301.14,3.75,5.86,64.95,65.988,64.426,50403.05,62086.98,55909.77,16.72
2015-11-19,62.0,64.49,63.95,60.5,41764.18,2.85,4.66,64.484,65.288,66.261,48977.54,59665.56,53689.3,9.4
2015-11-18,64.99,65.28,61.1,60.87,40467.45,-3.1,-4.83,66.05,64.763,68.364,58660.98,61334.16,53687.13,9.11
2015-11-17,68.13,70.98,64.2,64.18,59471.93,-3.6,-5.31,67.822,64.66,70.324,64761.97,62705.37,54007.8,13.38
2015-11-16,62.51,68.0,67.8,62.3,36010.54,2.43,3.72,67.702,63.701,72.239,65683.63,60499.62,52290.93,8.1
2015-11-13,69.5,70.73,65.37,65.0,67173.62,-6.41,-8.93,67.026,62.284,73.649,73770.91,61771.38,51813.46,15.11
2015-11-12,69.0,75.61,71.78,69.0,90181.37,1.82,2.6,66.092,61.483,75.274,70353.58,61193.05,49975.91,20.29
2015-11-11,63.1,69.96,69.96,62.0,70972.37,6.36,10.0,63.476,60.46,76.134,64007.33,62573.88,46448.48,15.97
2015-11-10,62.5,66.91,63.6,62.0,64080.24,-0.82,-1.27,61.498,59.845,76.818,60648.76,56028.36,43721.68,14.42
2015-11-09,59.02,66.16,64.42,57.0,76446.96,3.72,6.13,59.7,59.286,78.028,55315.61,55228.37,41432.78,17.2
2015-11-06,58.03,62.1,60.7,57.5,50086.98,2.0,3.41,57.542,62.864,79.14,49771.85,49732.56,38908.18,11.27
2015-11-05,60.07,63.55,58.7,57.66,58450.09,-1.37,-2.28,56.874,67.234,80.087,52032.51,47713.04,36868.79,13.15
2015-11-04,55.07,60.07,60.07,54.61,54179.55,5.46,10.0,57.444,71.964,81.128,61140.44,46040.11,34436.59,12.19
2015-11-03,54.4,56.55,54.61,53.7,37414.45,0.98,1.83,58.192,75.987,81.941,51407.96,45310.24,31736.71,8.42
2015-11-02,53.0,57.65,53.63,52.37,48728.2,-3.73,-6.5,58.872,80.776,82.956,55141.13,44082.25,30251.99,10.96
2015-10-30,58.98,60.0,57.36,56.13,61390.28,-4.19,-6.81,68.186,85.013,84.06,49693.27,41855.53,28278.84,13.81
2015-10-29,67.8,67.8,61.55,58.85,103989.7,-2.26,-3.54,77.594,89.065,85.031,43393.56,38758.77,25747.76,23.4
2015-10-28,63.81,63.81,63.81,63.81,5517.17,5.8,10.0,86.484,91.808,85.505,30939.78,30323.07,21183.52,1.24
2015-10-27,53.99,58.01,58.01,52.74,56080.32,5.27,9.99,93.782,93.791,86.237,39212.52,31414.99,21725.59,12.62
2015-10-26,105.05,106.5,100.2,96.97,21488.9,-4.2,-4.02,102.68,96.77,87.219,33023.36,27637.19,19736.79,8.46
2015-10-23,108.0,109.0,104.4,101.15,29891.73,-1.6,-1.51,101.84,95.415,85.965,34017.79,28083.79,19701.46,11.76
2015-10-22,98.26,108.0,106.0,97.53,41720.8,5.7,5.68,100.536,92.94,84.474,34123.97,26024.55,19143.1,16.42
2015-10-21,105.0,112.75,100.3,98.73,46880.86,-2.2,-2.15,97.132,90.291,82.564,29706.36,22833.06,17455.0,18.45
2015-10-20,96.5,104.56,102.5,94.01,25134.51,6.5,6.77,93.8,87.894,80.824,23617.46,18163.18,15744.01,9.89
2015-10-19,100.19,103.9,96.0,94.01,26461.06,-1.88,-1.92,90.86,85.135,79.041,22251.01,16421.73,15060.06,10.41
2015-10-16,90.3,97.88,97.88,88.06,30422.61,8.9,10.0,88.99,83.107,77.278,22149.79,14702.15,14301.03,11.97
2015-10-15,82.24,91.6,88.98,82.23,19632.78,5.34,6.38,85.344,80.997,75.759,17925.12,12736.76,13204.2,7.73
2015-10-14,86.11,87.6,83.64,83.03,16436.32,-4.16,-4.74,83.45,79.201,75.06,15959.76,12043.96,12705.2,6.47
2015-10-13,84.5,87.8,87.8,84.03,18302.29,1.15,1.33,81.988,78.682,74.604,12708.89,12036.19,12501.97,7.2
2015-10-12,81.8,87.5,86.65,79.1,25954.96,7.0,8.79,79.41,77.667,74.113,10592.46,11836.39,12922.98,10.22
2015-10-09,78.9,80.89,79.65,77.32,9299.26,0.14,0.18,77.224,76.515,73.465,7254.51,11319.13,12398.94,4.65
2015-10-08,78.06,80.87,79.51,77.5,9805.96,4.6,6.14,76.65,76.008,72.833,7548.4,12261.66,12861.98,4.9
2015-10-07,77.1,77.21,76.33,76.33,182.0,1.42,1.9,74.952,74.837,72.045,8128.17,12076.94,13382.85,0.09
2015-09-30,75.5,77.88,74.91,73.66,7720.11,-0.81,-1.07,75.376,73.754,71.255,11363.48,13324.84,13874.26,3.86
2015-09-29,74.7,78.79,75.72,74.0,9265.21,-1.06,-1.38,75.924,72.946,70.873,13080.32,13698.38,14123.21,4.63
2015-09-28,71.51,77.0,76.78,71.14,10768.7,5.76,8.11,75.806,71.449,70.596,15383.74,13899.92,14516.54,5.38
2015-09-25,77.0,77.95,71.02,70.81,12704.81,-7.43,-9.47,75.366,70.521,70.009,16974.92,13671.65,14844.77,6.35
2015-09-24,78.16,81.53,78.45,77.42,16358.56,0.8,1.03,74.722,70.919,69.415,16025.7,13366.43,15008.08,8.18
2015-09-23,72.71,79.99,77.65,72.46,16304.31,2.52,3.35,72.132,70.525,68.573,15286.21,12967.75,14720.05,8.15
2015-09-22,76.0,79.0,75.13,72.45,20782.33,0.55,0.74,69.968,70.559,68.113,14316.44,14009.57,14450.02,10.39
2015-09-21,66.57,74.58,74.58,65.71,18724.58,6.78,10.0,67.092,70.416,68.159,12416.09,13478.75,13939.38,9.36
2015-09-18,65.67,68.1,67.8,64.8,7958.74,2.3,3.51,65.676,69.658,68.389,10368.37,13462.29,13554.59,3.98
2015-09-17,67.83,71.12,65.5,65.5,12661.09,-1.33,-1.99,67.116,69.253,69.208,10707.16,14688.76,13861.51,6.33
2015-09-16,60.79,66.83,66.83,60.79,11455.45,6.08,10.01,68.918,68.756,69.896,10649.29,14423.68,13932.4,5.73
2015-09-15,60.79,65.23,60.75,60.75,11280.59,-6.75,-10.0,71.15,68.799,70.958,13702.71,14548.03,14037.24,5.64
2015-09-14,76.0,76.98,67.5,67.5,8486.0,-7.5,-10.0,73.74,69.743,72.522,14541.42,15133.17,14258.0,4.24
2015-09-11,74.51,77.65,75.0,74.08,9652.67,0.49,0.66,73.64,69.497,73.823,16556.21,16017.9,14524.57,4.83
2015-09-10,75.48,77.43,74.51,73.8,12371.75,-3.48,-4.46,71.39,67.91,74.585,18670.36,16649.72,14952.67,6.19
2015-09-09,73.7,80.88,77.99,73.18,26722.52,4.29,5.82,68.594,66.62,75.723,18198.07,16472.34,15775.45,13.36
2015-09-08,64.98,73.7,73.7,64.0,15474.14,6.7,10.0,66.448,65.666,76.474,15393.36,14890.47,15519.01,7.74
2015-09-07,66.88,70.0,67.0,64.18,18559.98,3.25,5.1,65.746,65.901,77.139,15724.93,14400.02,15749.95,9.28
2015-09-02,55.03,66.58,63.75,55.03,20223.39,3.22,5.32,65.354,67.119,77.803,15479.59,13646.88,15385.15,10.11
2015-09-01,64.16,66.8,60.53,60.53,10010.31,-6.73,-10.01,64.43,69.162,78.797,14629.08,13034.27,15481.19,5.01
2015-08-31,71.2,72.77,67.26,67.26,12698.98,-2.93,-4.17,64.646,71.035,79.932,14746.62,13441.13,15611.75,6.35
2015-08-28,66.8,70.99,70.19,65.0,17131.99,5.15,7.92,64.884,73.116,80.352,14387.59,13526.44,15736.23,8.57
2015-08-27,60.0,65.04,65.04,59.2,17333.3,5.91,9.99,66.056,75.3,81.042,13075.1,13382.84,15803.36,8.67
2015-08-26,63.48,65.4,59.13,56.43,15970.84,-2.48,-4.03,68.884,78.148,82.335,11814.17,13031.24,15940.17,7.99
2015-08-25,63.0,66.98,61.61,61.61,10598.0,-6.84,-9.99,73.894,81.259,84.429,11439.46,13255.63,16262.07,5.3
2015-08-24,72.5,76.48,68.45,68.45,10903.81,-7.6,-9.99,77.424,84.826,86.127,12135.63,15078.56,16782.98,5.45
2015-08-21,77.17,80.5,76.05,76.0,10569.55,-3.13,-3.95,81.348,87.281,88.014,12665.29,16147.55,17599.85,5.28
2015-08-20,83.0,83.5,79.18,78.89,11028.63,-5.0,-5.94,84.544,88.376,90.111,13690.57,17099.88,18949.5,5.51
2015-08-19,75.68,85.3,84.18,75.6,14097.29,4.92,6.21,87.412,88.487,91.866,14248.32,17123.42,19515.6,7.05
2015-08-18,87.7,90.5,79.26,79.26,14078.89,-8.81,-10.0,88.624,88.431,92.852,15071.8,17928.1,20050.28,7.04
2015-08-17,89.79,90.0,88.07,85.8,13552.1,-3.96,-4.3,92.228,88.828,93.984,18021.49,17782.37,20850.25,6.78
2015-08-14,94.72,95.63,92.03,91.0,15695.95,-1.49,-1.59,93.214,87.587,94.77,19629.82,17946.02,21786.2,7.85
2015-08-13,89.5,93.8,93.52,88.5,13817.37,3.28,3.63,92.208,86.784,95.148,20509.18,18223.87,22548.33,6.91
2015-08-12,94.32,95.6,90.24,90.0,18214.7,-7.04,-7.24,89.562,86.522,95.178,19998.52,18849.09,23150.6,9.11
2015-08-11,92.39,100.49,97.28,89.15,28827.34,4.28,4.6,88.238,87.598,95.713,20784.4,19268.5,22695.33,14.41
2015-08-10,88.01,94.3,93.0,85.51,21593.72,6.0,6.9,85.428,87.427,96.456,17543.24,18487.39,22765.21,10.8
2015-08-07,80.5,87.6,87.0,80.5,20092.76,6.71,8.36,81.96,88.746,96.904,16262.22,19052.15,22759.69,10.05
2015-08-06,80.0,83.2,80.29,78.01,11264.1,-3.33,-3.98,81.36,91.845,97.188,15938.57,20799.13,22346.22,5.63
2015-08-05,87.34,89.8,83.62,83.2,22144.09,0.39,0.47,83.482,95.245,97.386,17699.66,21907.77,23125.9,11.07
2015-08-04,76.6,83.23,83.23,75.66,12621.54,7.57,10.01,86.958,97.273,97.034,17752.6,22172.46,25072.89,6.31
2015-08-03,79.25,83.5,75.66,75.6,15188.61,-8.34,-9.93,89.426,99.14,97.128,19431.54,23918.13,24468.46,7.59
2015-07-31,83.35,88.88,84.0,81.81,18474.51,-6.9,-7.59,95.532,101.953,98.073,21842.08,25626.38,25054.33,9.24
2015-07-30,96.23,99.5,90.9,90.9,20069.56,-10.1,-10.0,102.33,103.511,99.126,25659.68,26872.78,25551.75,10.03
2015-07-29,95.81,101.0,101.0,86.05,22408.79,5.43,5.68,107.008,103.833,100.418,26115.87,27452.11,24855.87,11.2
2015-07-28,95.57,106.0,95.57,95.57,21016.24,-10.62,-10.0,107.588,103.827,101.854,26592.32,26122.16,26759.23,10.51
2015-07-27,111.0,115.6,106.19,106.19,27241.31,-11.8,-10.0,108.854,105.485,104.281,28404.72,27043.02,27916.75,13.62
2015-07-24,120.0,125.4,117.99,115.08,37562.5,3.7,3.24,108.374,105.061,106.978,29410.68,26467.23,26566.33,18.78
2015-07-23,105.0,114.29,114.29,103.0,22350.53,10.39,10.0,104.692,102.53,109.974,28085.89,23893.32,24693.71,11.18
2015-07-22,99.52,107.03,103.9,99.06,24791.01,2.0,1.96,100.658,99.526,114.145,28788.35,24344.03,23588.23,12.4
2015-07-21,99.6,106.49,101.9,96.52,30078.24,-1.89,-1.82,100.066,96.795,119.932,25652.01,27973.32,22366.63,15.04
2015-07-20,98.99,107.26,103.79,96.0,32271.14,4.21,4.23,102.116,95.115,127.04,25681.32,25018.8,20879.07,16.14
2015-07-17,90.0,102.0,99.58,90.0,30938.52,5.46,5.8,101.748,94.192,135.413,23523.78,24482.27,20381.0,15.47
2015-07-16,90.85,104.1,94.12,90.85,25862.83,-6.82,-6.76,100.368,94.741,142.764,19700.76,24230.72,19609.63,12.93
2015-07-15,106.8,109.0,100.94,100.94,9109.3,-11.21,-10.0,98.394,97.003,150.578,19899.72,22259.63,19173.4,4.55
2015-07-14,103.01,112.15,112.15,102.51,30224.81,10.2,10.01,93.524,99.88,158.331,30294.63,27396.3,20116.45,15.11
2015-07-13,101.89,101.95,101.95,93.28,21483.44,9.27,10.0,88.114,103.077,164.522,24356.27,28790.47,19928.39,10.74
2015-07-10,86.0,92.68,92.68,84.5,11823.41,8.43,10.01,86.636,108.895,170.733,25440.77,26665.43,19625.45,5.91
2015-07-09,71.9,84.25,84.25,69.0,26857.65,7.66,10.0,89.114,117.419,177.739,28760.68,25494.09,19883.54,13.43
2015-07-08,76.59,77.68,76.59,76.59,61083.85,-8.51,-10.0,95.612,128.763,184.687,24619.55,22832.42,19836.5,30.54
2015-07-07,85.1,85.1,85.1,85.1,533.0,-9.46,-10.0,106.236,143.069,193.181,24497.97,16759.94,17699.38,0.27
2015-07-06,105.0,108.8,94.56,94.56,26905.92,-10.51,-10.0,118.04,158.964,202.035,33224.68,16739.34,18472.85,13.45
2015-07-03,105.07,108.0,105.07,105.07,28422.96,-11.67,-10.0,131.154,176.634,210.402,27890.09,16279.73,18194.45,14.21
2015-07-02,116.74,116.74,116.74,116.74,6152.0,-12.97,-10.0,145.724,190.787,218.749,22227.5,14988.53,18218.87,3.08
2015-07-01,129.71,147.0,129.71,129.71,60475.95,-14.41,-10.0,161.914,204.152,227.04,21045.3,16087.17,18468.75,30.24
2015-06-30,144.12,156.1,144.12,144.12,44166.56,-16.01,-10.0,179.902,216.781,234.305,9021.91,12836.6,16016.07,22.08
2015-06-29,160.13,160.13,160.13,160.13,233.0,-17.79,-10.0,199.888,225.966,240.869,254.0,11066.3,14345.5,0.12
2015-06-26,177.92,177.92,177.92,177.92,110.0,-19.77,-10.0,222.114,232.57,248.163,4669.36,12585.47,15343.0,0.06
2015-06-25,197.69,197.69,197.69,197.69,241.0,-21.96,-10.0,235.85,238.058,253.542,7749.56,14272.99,15935.94,0.12
2015-06-24,219.65,219.65,219.65,219.65,359.0,-24.4,-10.0,246.39,240.61,256.635,11129.04,16840.57,16457.31,0.18
2015-06-23,244.05,244.05,244.05,244.05,327.0,-27.12,-10.0,253.66,243.292,257.45,16651.29,18638.82,16896.75,0.16
2015-06-03,246.96,271.26,271.26,238.15,22309.82,24.66,10.0,252.044,245.107,255.973,21878.61,20206.35,17666.34,11.15
2015-06-02,249.0,249.0,246.6,235.0,15511.0,-3.79,-1.51,243.026,244.171,252.319,20501.57,20109.17,17187.59,7.76
2015-06-01,255.95,265.0,250.39,241.0,17138.4,-5.61,-2.19,240.266,246.711,249.19,20796.42,21449.21,16832.11,8.57
2015-05-29,238.0,257.0,256.0,212.37,27970.21,20.03,8.49,234.83,249.928,246.457,22552.1,20850.33,16670.56,13.99
2015-05-28,226.99,247.99,235.97,226.99,26463.6,9.8,4.33,232.924,251.829,244.531,20626.35,19195.53,16023.67,13.23
2015-05-27,232.82,236.74,226.17,220.0,15424.64,-6.63,-2.85,238.17,255.772,242.632,18534.1,17624.69,15221.94,7.71
2015-05-26,221.2,235.09,232.8,221.2,16985.24,9.59,4.3,245.316,263.755,240.323,19716.77,18100.54,14920.69,8.49
2015-05-25,221.82,233.99,223.21,221.82,25916.82,-23.26,-9.44,253.156,269.026,238.138,22102.0,17598.89,14480.6,12.96
2015-05-22,262.5,267.0,246.47,237.0,18341.45,-15.73,-6.0,265.026,272.66,237.077,19148.55,16074.04,13520.13,9.17
2015-05-21,260.0,274.8,262.2,250.84,16002.33,0.3,0.12,270.734,271.608,235.405,17764.72,15154.68,13063.15,8.0
2015-05-20,258.0,271.98,261.9,248.0,21338.0,-10.1,-3.71,273.374,266.838,232.644,16715.29,15126.33,12924.85,10.67
2015-05-19,255.0,278.59,272.0,254.3,28911.42,-10.56,-3.74,282.194,260.468,229.338,16484.31,14266.01,12945.51,14.46
2015-05-18,278.22,298.0,282.56,278.22,11149.57,7.55,2.75,284.896,251.668,224.638,13095.78,12215.0,12088.47,5.57
2015-05-15,256.0,296.0,275.01,252.04,11422.26,-0.39,-0.14,280.294,242.986,219.192,12999.54,12490.79,11840.84,5.71
2015-05-14,290.0,302.0,275.4,275.4,10755.2,-30.6,-10.0,272.482,237.234,214.215,12544.65,12851.81,11967.7,5.38
2015-05-13,290.0,314.06,306.0,260.1,20183.12,20.49,7.18,260.302,229.493,208.82,13537.38,12819.19,11865.01,10.09
2015-05-12,279.46,285.51,285.51,276.1,11968.74,25.96,10.0,238.742,216.892,202.825,12047.71,11740.83,11213.29,5.98
2015-05-11,255.2,259.55,259.55,248.07,10668.36,23.6,10.0,218.44,207.251,198.224,11334.22,11362.31,11052.89,5.33
2015-05-08,213.6,235.95,235.95,212.0,9147.84,21.45,10.0,205.678,201.495,195.447,11982.04,10966.21,10938.88,4.57
2015-05-07,194.0,218.0,214.5,187.92,15718.82,16.3,8.22,201.986,199.202,193.999,13158.98,10971.62,11105.49,7.86
2015-05-06,187.0,202.4,198.2,187.0,12734.79,14.2,7.72,198.684,198.45,193.269,12101.0,10723.37,10905.54,6.37
2015-05-05,189.3,194.0,184.0,182.0,8401.3,-11.74,-6.0,195.042,198.209,194.158,11433.95,11625.02,10951.52,4.2
2015-05-04,214.8,219.1,195.74,195.74,13907.44,-21.75,-10.0,196.062,197.608,195.983,11390.4,11961.95,11235.06,6.95
2015-04-30,200.0,217.79,217.49,200.0,15032.54,19.5,9.85,197.312,195.399,196.27,9950.37,11190.9,11600.98,7.52
2015-04-29,178.2,197.99,197.99,176.0,10428.91,18.0,10.0,196.418,191.197,194.554,8784.25,11083.59,11720.33,5.21
2015-04-28,191.99,198.2,179.99,175.0,9399.57,-9.11,-4.82,198.216,188.147,193.604,9345.75,10910.83,11858.5,4.7
2015-04-27,197.1,205.0,189.1,187.5,8183.55,-12.89,-6.38,201.376,188.758,192.945,11816.08,10685.74,12274.84,4.09
2015-04-24,208.86,216.26,201.99,201.25,6707.3,-11.03,-5.18,199.154,189.198,192.139,12533.49,10743.47,12559.45,3.35
2015-04-23,210.0,220.0,213.02,200.0,9201.94,6.04,2.92,193.486,189.399,190.589,12431.42,10911.55,13419.37,4.6
2015-04-22,198.01,215.37,206.98,198.01,13236.39,11.19,5.71,185.976,188.797,189.433,13382.93,11239.36,14403.88,6.62
2015-04-21,179.03,195.79,195.79,175.01,21751.21,17.8,10.0,178.078,188.089,187.717,12475.92,11087.7,15016.71,10.88
2015-04-20,174.01,188.97,177.99,168.99,11770.62,4.34,2.5,176.14,190.107,185.775,9555.4,10278.03,14794.09,5.89
2015-04-17,175.54,179.97,173.65,169.88,6196.96,-1.82,-1.04,179.242,194.358,184.009,8953.44,10508.16,14874.42,3.1
2015-04-16,167.3,184.0,175.47,160.21,13959.46,7.98,4.76,185.312,197.141,181.812,9391.68,12011.05,15184.12,6.98
2015-04-15,185.79,186.2,167.49,167.49,8701.34,-18.61,-10.0,191.618,197.91,178.935,9095.8,12357.07,15094.0,4.35
2015-04-14,193.0,195.0,186.1,184.02,7148.64,-7.4,-3.82,198.1,199.061,175.92,9699.49,12806.17,15105.65,3.57
2015-04-13,203.0,203.0,193.5,190.0,8760.82,-10.5,-5.15,204.074,197.131,172.08,11000.65,13863.95,15577.15,4.38
2015-04-10,202.5,210.0,204.0,197.0,8388.15,-3.0,-1.45,209.474,195.079,167.467,12062.88,14375.43,15974.88,4.19
2015-04-09,197.5,214.99,207.0,180.0,12480.04,7.1,3.55,208.97,191.779,161.979,14630.43,15927.18,16127.71,6.24
2015-04-08,213.11,216.0,199.9,195.0,11719.8,-16.07,-7.44,204.202,190.069,156.245,15618.35,17568.4,16354.77,5.86
2015-04-07,217.99,224.55,215.97,211.0,13654.42,-4.53,-2.05,200.022,187.344,151.225,15912.86,18945.71,16605.05,6.83
2015-04-03,202.0,220.61,220.5,190.0,14072.01,19.02,9.44,190.188,181.442,145.556,16727.25,19310.16,16501.89,7.04
2015-04-02,176.0,201.48,201.48,174.78,21225.87,18.32,10.0,180.684,173.66,139.696,16687.98,19240.67,16656.33,10.61
2015-04-01,179.3,186.0,183.16,173.0,17419.63,4.16,2.32,174.588,166.483,134.781,17223.94,18357.18,16776.76,8.71
2015-03-31,165.1,181.82,179.0,165.0,13192.35,12.2,7.31,175.936,159.959,130.313,19518.46,17830.93,16652.51,6.6
2015-03-30,168.44,181.0,166.8,164.0,17726.37,-6.18,-3.57,174.666,152.779,125.974,21978.56,17405.12,17005.35,8.86
2015-03-27,165.21,182.87,172.98,165.11,13875.68,1.98,1.16,172.696,147.029,122.262,21893.07,17290.35,16925.54,6.94
2015-03-26,178.0,192.0,171.0,170.91,23905.67,-18.9,-9.95,166.636,139.854,119.093,21793.37,17574.32,16252.45,11.95
2015-03-25,172.66,189.92,189.9,164.0,28892.24,17.25,9.99,158.378,132.179,115.685,19490.43,16328.24,16224.81,14.45
2015-03-24,165.0,172.65,172.65,151.44,25492.86,15.7,10.0,143.982,122.42,111.465,16143.39,15141.14,16064.96,12.75
2015-03-23,150.0,156.95,156.95,148.38,17298.92,14.27,10.0,130.892,115.105,108.223,12831.67,14264.39,16873.27,8.65
2015-03-20,132.99,142.68,142.68,130.0,13377.15,12.97,10.0,121.362,109.67,105.688,12687.62,13693.62,17479.56,6.69
2015-03-19,129.71,129.71,129.71,126.0,12390.97,11.79,10.0,113.072,105.732,103.384,13355.27,14071.98,18715.15,6.2
2015-03-13,106.77,117.92,117.92,106.2,12157.06,10.72,10.0,105.98,103.079,101.628,13166.04,15196.34,19332.12,6.08
2015-03-12,109.0,115.99,107.2,99.39,8934.26,-2.1,-1.92,100.858,100.667,100.476,14138.89,15474.09,20514.4,4.47
2015-03-11,99.8,111.35,109.3,97.9,16578.68,8.07,7.97,99.318,99.168,99.651,15697.1,16605.58,22143.71,8.29
2015-03-10,94.21,103.68,101.23,94.21,16715.38,6.98,7.41,97.978,97.495,99.091,14699.61,16560.72,24384.78,8.36
2015-03-09,90.7,96.0,94.25,90.0,11444.84,1.94,2.1,98.392,98.331,98.81,14788.68,14930.58,24282.93,5.72
2015-03-06,99.0,101.49,92.31,91.49,17021.27,-7.19,-7.23,100.178,99.191,98.443,17226.63,16121.38,25775.36,8.51
2015-03-05,103.3,105.0,99.5,96.2,16725.34,-3.1,-3.02,100.476,100.511,97.778,16809.29,16988.78,27105.6,8.36
2015-03-04,103.34,105.98,102.6,98.55,11591.24,-0.7,-0.68,99.018,101.34,96.394,17514.05,19482.15,26690.35,5.8
2015-03-03,102.51,108.67,103.3,101.11,17160.73,0.12,0.12,97.012,101.706,94.529,18421.83,21265.5,27816.16,8.58
2015-03-02,91.06,103.18,103.18,91.05,23634.57,9.38,10.0,98.27,101.036,92.467,15072.48,23358.33,28492.39,11.82
2015-02-27,92.8,93.8,93.8,90.37,14934.57,1.59,1.72,98.204,100.178,90.233,15016.12,23467.91,28038.17,7.47
2015-02-26,91.77,94.78,92.21,89.0,20249.16,-0.36,-0.39,100.546,100.286,88.443,17168.27,25554.71,28209.13,10.12
2015-02-25,100.11,102.0,92.57,92.57,16130.12,-10.28,-9.99,103.662,100.135,86.697,21450.25,27681.84,29139.09,8.07
2015-02-24,106.0,111.0,109.59,106.0,414.0,6.74,6.55,106.4,100.688,85.252,24109.16,32208.84,29412.78,0.21
2015-02-17,105.66,112.0,102.85,101.5,23352.76,-2.66,-2.52,103.802,99.289,82.794,31644.17,33635.28,30325.34,11.68
2015-02-16,105.19,109.3,105.51,103.22,25695.33,-2.28,-2.12,102.152,97.695,80.73,31919.7,35429.35,30508.52,12.85
2015-02-13,111.5,114.98,107.79,102.51,41659.04,1.53,1.44,100.026,95.045,78.339,33941.14,37222.42,30606.52,20.83
2015-02-12,96.36,106.26,106.26,96.36,29424.68,9.66,10.0,96.608,91.449,75.654,33913.43,33898.55,29140.85,14.71
2015-02-11,92.7,100.5,96.6,92.0,38089.03,2.0,2.11,94.976,87.353,72.935,40308.52,34366.82,28041.7,19.04
2015-02-10,92.8,96.98,94.6,86.5,24730.42,-0.28,-0.29,94.776,83.898,70.744,35626.38,33626.45,26594.23,12.37
2015-02-09,91.98,98.8,94.88,91.48,35802.54,4.18,4.61,93.238,80.288,69.488,38938.99,32608.43,26692.33,17.9
2015-02-06,98.0,98.0,90.7,88.52,41520.46,-7.4,-7.54,90.064,76.6,68.078,40503.69,30863.55,26186.21,20.76
2015-02-05,100.99,101.66,98.1,93.4,61400.14,2.5,2.62,86.29,73.26,66.747,33883.67,30596.33,25284.19,30.7
2015-02-04,92.0,95.6,95.6,91.27,14678.36,8.69,10.0,79.73,69.815,64.788,28425.13,26616.73,23026.95,7.34
2015-02-03,81.0,86.91,86.91,80.99,41293.45,7.9,10.0,73.02,66.299,62.733,31626.51,27015.41,23583.52,20.65
2015-02-02,76.0,79.01,79.01,73.0,43626.06,7.18,10.0,67.338,63.764,61.006,26277.87,25587.7,22318.52,21.81
2015-01-30,71.83,71.83,71.83,71.83,8420.35,6.53,10.0,63.136,61.632,59.622,21223.4,23990.63,20679.48,4.21
2015-01-29,61.15,65.95,65.3,61.15,34107.44,3.25,5.24,60.23,59.859,58.604,27309.0,24383.15,21701.08,17.05
2015-01-28,58.01,62.99,62.05,58.0,30685.27,3.55,6.07,59.9,58.517,57.995,24808.32,21716.58,20573.22,15.34
2015-01-27,58.22,58.5,58.5,56.1,14550.22,0.5,0.86,59.578,57.59,57.59,22404.31,19562.02,19562.02,7.28
2015-01-26,57.0,58.98,58.0,56.5,18353.72,0.7,1.22,60.19,57.489,57.489,24897.53,20118.89,20118.89,9.18
2015-01-23,61.0,61.0,57.3,57.29,38848.33,-6.35,-9.98,60.128,57.425,57.425,26757.86,20339.53,20339.53,19.42
2015-01-22,59.93,64.08,63.65,59.83,21604.07,3.21,5.31,59.488,57.443,57.443,21457.3,17695.42,17695.42,10.8
2015-01-21,61.12,62.73,60.44,60.0,18665.2,-1.12,-1.82,57.134,56.408,56.408,18624.84,17043.98,17043.98,9.33
2015-01-20,58.0,62.0,61.56,57.03,27016.35,3.87,6.71,55.602,55.602,55.602,16719.73,16719.73,16719.73,13.51
2015-01-19,53.13,59.51,57.69,53.11,27655.36,3.59,6.64,54.113,54.113,54.113,14145.58,14145.58,14145.58,13.83
2015-01-16,52.5,55.11,54.1,51.88,12345.51,2.22,4.28,52.92,52.92,52.92,9642.32,9642.32,9642.32,6.17
2015-01-15,53.03,53.98,51.88,51.71,7441.8,-0.9,-1.71,52.33,52.33,52.33,8290.72,8290.72,8290.72,3.72
2015-01-14,54.11,54.29,52.78,52.72,9139.64,-1.33,-2.46,52.78,52.78,52.78,9139.64,9139.64,9139.64,4.57
